noise_scale,layer,rmse_mean,rmse_std,r2_mean,r2_std,corr_mean,corr_std,fit_slope_mean,fit_slope_std
0.0,S0,4.464884122212728,0.16166772975531987,0.6237271825472513,0.027341379148452454,0.7904125482757577,0.016515514451279228,0.6460073062002557,0.017181538593544467
0.0,Sg,3.1546526749928794,0.13371344943070515,0.8350045283635458,0.013973718746518251,0.91902132548136,0.00821411143199381,0.757018407890364,0.012828247804501279
0.01,S0,7.443360169728597,0.06486442135181794,-0.04487196604410807,0.01817146086629179,0.004473134165221889,0.03176329656927958,0.0006969563878781093,0.006496742130741686
0.01,Sg,8.249048391977945,0.2594545018207293,-0.12756888071695963,0.07099342233157938,0.03928310309363167,0.09199860420766175,0.017810374889810663,0.03394366624188329
0.02,S0,7.4606428146362305,0.0686524240262496,-0.04973586400349935,0.019361853963348576,0.01192489500937064,0.010328677362343176,0.0026360000596991964,0.0023452999364992075
0.02,Sg,8.523697853088379,0.1965493828709943,-0.20353599389394125,0.05582060916569792,-0.05135170092331251,0.03825982011804969,-0.017849071154944843,0.01170080252074447
0.05,S0,7.444069862365723,0.08057931764027056,-0.045100013415018715,0.022644650590945194,0.013228838700662111,0.040764059735318596,0.0026864833406662907,0.009006106679009673
0.05,Sg,8.894566535949707,0.5126036864636523,-0.3129833936691284,0.1531337670360826,-0.04582476543309915,0.15448379025305448,-0.022574365198994584,0.08047574957966308
