{
  "support_fraction": 0.093310212867735,
  "weight_min": 0.25048011541366577,
  "weight_mean": 0.5532239675521851,
  "weight_max": 0.9900548458099365
}