{
  "epoch": 4,
  "pilot_label": "grouped_support_expanded_reliability",
  "train_total": 0.7121280634930979,
  "train_forward": 0.7121199097794791,
  "train_spatial_s0": 0.003409570356598124,
  "train_spatial_sg": 0.003788034765360256,
  "train_temporal_s0": 0.0009252759569790215,
  "train_temporal_sg": 0.0010028281232128697,
  "train_n_samples": 120,
  "val_total": 6.06564637819926,
  "val_forward": 6.065628946075837,
  "val_spatial_s0": 0.008945017214864492,
  "val_spatial_sg": 0.008456453230852883,
  "val_temporal_s0": 0.00022859468541961783,
  "val_temporal_sg": 0.0002376661070835932,
  "val_n_samples": 60,
  "best_val_forward": 6.065628946075837,
  "checkpoint": "/home/ubuntu/work/punjab/outputs/punjab_prior/punjab_phase1_pilot_best_grouped_support_expanded_reliability.pt",
  "reliability_weight_config": {
    "strategy": "coherence_temporal_weighted_forward",
    "coherence_floor": 0.25,
    "power": 0.5,
    "train_label": "grouped_support_expanded_reliability",
    "num_epochs": 4
  },
  "reliability_stats": {
    "support_fraction": 0.093310212867735,
    "weight_min": 0.25048011541366577,
    "weight_mean": 0.5532239675521851,
    "weight_max": 0.9900548458099365
  }
}