{
  "epoch": 4,
  "pilot_label": "grouped_support_expanded_w3ra_stronger",
  "train_total": 0.17002627160788203,
  "train_forward": 0.17000612906801205,
  "train_spatial_s0": 0.004577323959286635,
  "train_spatial_sg": 0.003739924597903155,
  "train_temporal_s0": 0.0010874200702043406,
  "train_temporal_sg": 0.0009270762156423491,
  "train_hydrology": 5.410122083352083e-05,
  "train_n_samples": 120,
  "val_total": 1.4287413187325,
  "val_forward": 1.428639812891682,
  "val_spatial_s0": 0.011827878506543736,
  "val_spatial_sg": 0.010784373952386279,
  "val_temporal_s0": 0.0003385961007249231,
  "val_temporal_sg": 0.0003309131243440788,
  "val_hydrology": 0.00039277685079165773,
  "val_n_samples": 60,
  "best_val_forward": 1.4286396839966378,
  "checkpoint": "/home/ubuntu/work/punjab/outputs/punjab_prior/punjab_phase2_pilot_best_grouped_support_expanded_w3ra_stronger.pt",
  "weights": {
    "forward": 1.0,
    "spatial_s0": 0.001,
    "spatial_sg": 0.001,
    "temporal_s0": 0.0005,
    "temporal_sg": 0.0005,
    "hydrology": 0.2,
    "grace": 0.0,
    "gps": 0.0
  },
  "learning_rate": 5e-05,
  "init_checkpoint": "/home/ubuntu/work/punjab/outputs/punjab_prior/punjab_phase1_pilot_best.pt",
  "w3ra_prior": true
}