{
  "epoch": 4,
  "pilot_label": "grouped_support_expanded_rebalanced",
  "train_total": 0.20169686949811877,
  "train_forward": 0.1700061309694623,
  "train_spatial_s0": 0.0030678128755729024,
  "train_spatial_sg": 0.0029316082732596745,
  "train_temporal_s0": 0.0008773136008433843,
  "train_temporal_sg": 0.0008163185244484339,
  "train_n_samples": 120,
  "val_total": 1.5174222418417533,
  "val_forward": 1.4286398919920127,
  "val_spatial_s0": 0.008817706319193045,
  "val_spatial_sg": 0.008823122161750992,
  "val_temporal_s0": 0.0002817826966444651,
  "val_temporal_sg": 0.00029643875216909995,
  "val_n_samples": 60,
  "best_val_forward": 1.4286396854867538,
  "checkpoint": "/home/ubuntu/work/punjab/outputs/punjab_prior/punjab_phase1_pilot_best_grouped_support_expanded_rebalanced.pt",
  "weights": {
    "forward": 1.0,
    "spatial_s0": 5.0,
    "spatial_sg": 5.0,
    "temporal_s0": 1.0,
    "temporal_sg": 1.0,
    "hydrology": 0.0,
    "grace": 0.0,
    "gps": 0.0
  },
  "learning_rate": 5e-05,
  "init_checkpoint": "/home/ubuntu/work/punjab/outputs/punjab_prior/punjab_phase1_pilot_best.pt"
}