{
  "epoch": 4,
  "pilot_label": "grouped_support_expanded_grace_weak",
  "train_total": 0.22509948707884178,
  "train_forward": 0.1700060812678809,
  "train_spatial_s0": 0.01214144069235772,
  "train_spatial_sg": 0.012308699288405478,
  "train_temporal_s0": 0.001799111500925695,
  "train_temporal_sg": 0.0020677749237317283,
  "train_grace": 1.1013404230897625,
  "train_n_samples": 120,
  "val_total": 1.5255405413607757,
  "val_forward": 1.4286390022685131,
  "val_spatial_s0": 0.01908190141742428,
  "val_spatial_sg": 0.028892254208525023,
  "val_temporal_s0": 0.0005018868726134921,
  "val_temporal_sg": 0.000512540096436472,
  "val_grace": 1.9370611707369487,
  "val_n_samples": 60,
  "best_val_forward": 1.4286390022685131,
  "checkpoint": "/home/ubuntu/work/punjab/outputs/punjab_prior/punjab_phase2_pilot_best_grouped_support_expanded_grace_weak.pt",
  "weights": {
    "forward": 1.0,
    "spatial_s0": 0.001,
    "spatial_sg": 0.001,
    "temporal_s0": 0.0005,
    "temporal_sg": 0.0005,
    "hydrology": 0.0,
    "grace": 0.05,
    "gps": 0.0
  },
  "learning_rate": 5e-05,
  "init_checkpoint": "/home/ubuntu/work/punjab/outputs/punjab_prior/punjab_phase1_pilot_best_grouped_support_expanded.pt",
  "grace_prior_config": {
    "strategy": "grouped_support_expanded_grace_weak",
    "grace_weight": 0.05,
    "learning_rate": 5e-05,
    "num_epochs": 4,
    "init_from": "expanded_grouped_support_best"
  }
}