{
  "epoch": 4,
  "pilot_label": "grouped_support_expanded_grace_stronger",
  "train_total": 0.4093033287712994,
  "train_forward": 0.17000608718565977,
  "train_spatial_s0": 0.012743014267956217,
  "train_spatial_sg": 0.012331053731031716,
  "train_temporal_s0": 0.0019089210278859052,
  "train_temporal_sg": 0.00205634220377154,
  "train_grace": 1.1963509075343608,
  "train_n_samples": 120,
  "val_total": 1.8016584848364194,
  "val_forward": 1.4286389650156102,
  "val_spatial_s0": 0.01868304720458885,
  "val_spatial_sg": 0.02973043133194248,
  "val_temporal_s0": 0.0005189196483115666,
  "val_temporal_sg": 0.0005061297008069233,
  "val_grace": 1.86485286206007,
  "val_n_samples": 60,
  "best_val_forward": 1.4286389650156102,
  "checkpoint": "/home/ubuntu/work/punjab/outputs/punjab_prior/punjab_phase2_pilot_best_grouped_support_expanded_grace_stronger.pt",
  "weights": {
    "forward": 1.0,
    "spatial_s0": 0.001,
    "spatial_sg": 0.001,
    "temporal_s0": 0.0005,
    "temporal_sg": 0.0005,
    "hydrology": 0.0,
    "grace": 0.2,
    "gps": 0.0
  },
  "learning_rate": 5e-05,
  "init_checkpoint": "/home/ubuntu/work/punjab/outputs/punjab_prior/punjab_phase1_pilot_best_grouped_support_expanded.pt",
  "grace_prior_config": {
    "strategy": "grouped_support_expanded_grace_stronger",
    "grace_weight": 0.2,
    "learning_rate": 5e-05,
    "num_epochs": 4
  }
}