{
  "epoch": 6,
  "pilot_label": "phase1_fuller",
  "train_total": 0.2341548115000478,
  "train_forward": 0.23415039026440354,
  "train_spatial_s0": 0.0018905055100428096,
  "train_spatial_sg": 0.0019704993007205,
  "train_temporal_s0": 0.0005352735552908902,
  "train_temporal_sg": 0.0005844860139253191,
  "train_n_samples": 192,
  "val_total": 2.498633650286744,
  "val_forward": 2.4986170306025692,
  "val_spatial_s0": 0.008241042580872696,
  "val_spatial_sg": 0.008233103800497096,
  "val_temporal_s0": 0.00020785663855349412,
  "val_temporal_sg": 0.00021745534058936755,
  "val_n_samples": 96,
  "best_val_forward": 2.4986164928413928,
  "checkpoint": "/home/ubuntu/work/punjab/outputs/punjab_prior/punjab_phase1_pilot_best_phase1_fuller.pt",
  "pilot_group_config": {
    "strategy": "phase1_fuller_grouped_run",
    "train_tile_count": 8,
    "val_tile_count": 8,
    "train_windows_per_tile": 24,
    "val_windows_per_tile": 12,
    "num_epochs": 6
  },
  "learning_rate": 0.0001,
  "init_checkpoint": null
}