{
  "epoch": 4,
  "pilot_label": "grouped_support_expanded_w3ra_weak",
  "train_total": 0.17001745491288603,
  "train_forward": 0.17000612857130667,
  "train_spatial_s0": 0.003983271775844817,
  "train_spatial_sg": 0.003666747477836907,
  "train_temporal_s0": 0.0010069469428951076,
  "train_temporal_sg": 0.0009331052485019123,
  "train_hydrology": 5.41318257205603e-05,
  "train_n_samples": 120,
  "val_total": 1.42868294082582,
  "val_forward": 1.4286397812267144,
  "val_spatial_s0": 0.011385105379546682,
  "val_spatial_sg": 0.010793587123043836,
  "val_temporal_s0": 0.00032591840863460675,
  "val_temporal_sg": 0.00032965411567905295,
  "val_hydrology": 0.00041319404820872784,
  "val_n_samples": 60,
  "best_val_forward": 1.4286396590371926,
  "checkpoint": "/home/ubuntu/work/punjab/outputs/punjab_prior/punjab_phase2_pilot_best_grouped_support_expanded_w3ra_weak.pt",
  "weights": {
    "forward": 1.0,
    "spatial_s0": 0.001,
    "spatial_sg": 0.001,
    "temporal_s0": 0.0005,
    "temporal_sg": 0.0005,
    "hydrology": 0.05,
    "grace": 0.0,
    "gps": 0.0
  },
  "learning_rate": 5e-05,
  "init_checkpoint": "/home/ubuntu/work/punjab/outputs/punjab_prior/punjab_phase1_pilot_best.pt",
  "w3ra_prior": true
}