{
  "epoch": 4,
  "pilot_label": "grouped_support_expanded",
  "train_total": 0.17001492696969459,
  "train_forward": 0.17000612701910237,
  "train_spatial_s0": 0.004023273213533685,
  "train_spatial_sg": 0.003734327978842581,
  "train_temporal_s0": 0.0010593992027376467,
  "train_temporal_sg": 0.0010223058520447618,
  "train_n_samples": 120,
  "val_total": 1.4286608452598253,
  "val_forward": 1.4286398053169251,
  "val_spatial_s0": 0.010532103207272788,
  "val_spatial_sg": 0.010185113820868234,
  "val_temporal_s0": 0.0003039741034929951,
  "val_temporal_sg": 0.00031697979429736736,
  "val_n_samples": 60,
  "best_val_forward": 1.4286393945415814,
  "checkpoint": "/home/ubuntu/work/punjab/outputs/punjab_prior/punjab_phase1_pilot_best_grouped_support_expanded.pt",
  "pilot_group_config": {
    "strategy": "tile_grouped_temporal_progression_expanded",
    "train_tile_count": 6,
    "val_tile_count": 6,
    "train_windows_per_tile": 20,
    "val_windows_per_tile": 10
  },
  "learning_rate": 0.0001,
  "init_checkpoint": null
}