epoch,lr,train_loss,train_tws,train_phys,train_tv,val_loss,val_tws,val_phys,val_tv
1,9.938441702975689e-05,1.4886019763661855,0.9884537778683563,1.0001615446005294,0.6744580268859863,1.8877594811575753,1.3942533731460571,0.9868952035903931,0.5847557272229876
2,9.755282581475769e-05,1.484955670228645,0.9848232776371401,1.000161565951447,0.516103181376386,1.888352164200374,1.3948575471128737,0.9868952206202916,0.47065738269260954
3,9.45503262094184e-05,1.4836478927242223,0.9835203779277517,1.0001615695099333,0.4672923448370464,1.888285526207515,1.394790108714785,0.98689523765019,0.4775331275803702
4,9.045084971874738e-05,1.4817467910140307,0.9816182656074638,1.000161580185392,0.47740465936376086,1.8902263811656408,1.3967293756348746,0.98689523765019,0.4937967487743923
5,8.535533905932738e-05,1.4776654012167632,0.9775338110639088,1.0001615766269059,0.5080377334979043,1.8978606632777624,1.4043594471045904,0.98689523765019,0.5360371044703892
6,7.938926261462366e-05,1.4677597835882386,0.9676215097085753,1.00016156773069,0.5749841092237785,1.92390296288899,1.4303921524967467,0.9868951865604946,0.6320948089872088
