training_mode,noise_scale,layer,rmse,mae,bias,nrmse,r2,corr,fit_slope,fit_intercept,forward_residual_rmse,noise_level_condition,best_val_loss,num_train_windows,num_test_windows
film_conditioned_dual_decoder_balanced,0.0,S0,4.814037322998047,3.6595847606658936,-0.006119430065155029,0.07801402875309575,0.5629593133926392,0.7503411556209644,0.5684176140619389,-0.006157457159616932,1.809823515941389e-06,0.0,1.7808659417288644,67,16
film_conditioned_dual_decoder_balanced,0.0,Sg,3.478724956512451,2.585123062133789,-0.0018184762448072433,0.05818510414628908,0.7996039390563965,0.8990633397909105,0.7244031343387901,-0.001728803471894335,1.809823515941389e-06,0.0,1.7808659417288644,67,16
film_conditioned_dual_decoder_balanced,0.01,S0,7.373382568359375,5.5304412841796875,-0.24796465039253235,0.11948957623314144,-0.025265932083129883,0.059799192572325924,0.013525362444832528,-0.24805157478946058,0.0005829763831570745,0.01,6.1411068098885675,67,16
film_conditioned_dual_decoder_balanced,0.01,Sg,8.140982627868652,6.0801310539245605,0.014999210834503174,0.136165959648202,-0.09749555587768555,-0.019675130153597304,-0.005768376196165035,0.015326407194059446,0.0005829763831570745,0.01,6.1411068098885675,67,16
film_conditioned_dual_decoder_balanced,0.02,S0,7.464747905731201,5.63945198059082,0.23184123635292053,0.12097019999621667,-0.05083203315734863,-0.009081807691045335,-0.0019462633463254646,0.23175294396713686,0.0011653268011286855,0.02,6.734778710774013,67,16
film_conditioned_dual_decoder_balanced,0.02,Sg,7.894623279571533,5.841361999511719,0.1321449875831604,0.13204535669244244,-0.032076478004455566,0.14044088851618208,0.0515981689674758,0.13245348816392188,0.0011653268011286855,0.02,6.734778710774013,67,16
film_conditioned_dual_decoder_balanced,0.05,S0,7.356965065002441,5.522047519683838,0.12760977447032928,0.11922352188145972,-0.020705461502075195,0.05652588395756447,0.011877665287682188,0.1275227330962894,0.0029070505406707525,0.05,5.878049884523664,67,16
film_conditioned_dual_decoder_balanced,0.05,Sg,8.446714401245117,6.048297882080078,0.5936346054077148,0.14127962494141144,-0.18147540092468262,-0.03253844337069999,-0.012618953373736395,0.5939639720722187,0.0029070505406707525,0.05,5.878049884523664,67,16
