{
  "metrics": [
    {
      "training_mode": "denoise_dual_decoder_frequency_balanced",
      "noise_scale": 0.0,
      "layer": "S0",
      "rmse": 4.472074031829834,
      "mae": 3.396052598953247,
      "bias": -0.1977776288986206,
      "nrmse": 0.07247233220200089,
      "r2": 0.6228439807891846,
      "corr": 0.7896857220417711,
      "fit_slope": 0.6272971090318717,
      "fit_intercept": -0.19781045780821396,
      "forward_residual_rmse": 1.6805196310087922e-06,
      "forward_residual_rmse_clean": 1.6805196310087922e-06,
      "denoise_window_rmse": 0.1739315241575241,
      "best_val_loss": 1.499136311667306,
      "num_train_windows": 67,
      "num_test_windows": 16
    },
    {
      "training_mode": "denoise_dual_decoder_frequency_balanced",
      "noise_scale": 0.0,
      "layer": "Sg",
      "rmse": 3.128241777420044,
      "mae": 2.262138843536377,
      "bias": 0.08834588527679443,
      "nrmse": 0.05232292747755387,
      "r2": 0.8379497528076172,
      "corr": 0.9196039169550572,
      "fit_slope": 0.7655423548931031,
      "fit_intercept": 0.08842216795126479,
      "forward_residual_rmse": 1.6805196310087922e-06,
      "forward_residual_rmse_clean": 1.6805196310087922e-06,
      "denoise_window_rmse": 0.1739315241575241,
      "best_val_loss": 1.499136311667306,
      "num_train_windows": 67,
      "num_test_windows": 16
    },
    {
      "training_mode": "denoise_dual_decoder_frequency_balanced",
      "noise_scale": 0.01,
      "layer": "S0",
      "rmse": 7.393787384033203,
      "mae": 5.5540666580200195,
      "bias": -0.052020363509655,
      "nrmse": 0.11982024709625978,
      "r2": -0.030948400497436523,
      "corr": 0.012637708732357705,
      "fit_slope": 0.0023868642698301203,
      "fit_intercept": -0.0521082675257566,
      "forward_residual_rmse": 0.0005815195036120713,
      "forward_residual_rmse_clean": 7.6511969382409e-06,
      "denoise_window_rmse": 1.0059415102005005,
      "best_val_loss": 6.451016017368862,
      "num_train_windows": 67,
      "num_test_windows": 16
    },
    {
      "training_mode": "denoise_dual_decoder_frequency_balanced",
      "noise_scale": 0.01,
      "layer": "Sg",
      "rmse": 8.230870246887207,
      "mae": 6.114447116851807,
      "bias": -0.2501087188720703,
      "nrmse": 0.13766941868547522,
      "r2": -0.121864914894104,
      "corr": -0.07260272502668354,
      "fit_slope": -0.020510500235851433,
      "fit_intercept": -0.2497766966316588,
      "forward_residual_rmse": 0.0005815195036120713,
      "forward_residual_rmse_clean": 7.6511969382409e-06,
      "denoise_window_rmse": 1.0059415102005005,
      "best_val_loss": 6.451016017368862,
      "num_train_windows": 67,
      "num_test_windows": 16
    },
    {
      "training_mode": "denoise_dual_decoder_frequency_balanced",
      "noise_scale": 0.02,
      "layer": "S0",
      "rmse": 7.483153820037842,
      "mae": 5.611297607421875,
      "bias": 0.03660190850496292,
      "nrmse": 0.12126847760222638,
      "r2": -0.056020498275756836,
      "corr": -0.035008233595820545,
      "fit_slope": -0.007148712690594356,
      "fit_intercept": 0.0365131953540762,
      "forward_residual_rmse": 0.0011609831126406789,
      "forward_residual_rmse_clean": 7.934621862659696e-06,
      "denoise_window_rmse": 0.7325751781463623,
      "best_val_loss": 6.16288457598005,
      "num_train_windows": 67,
      "num_test_windows": 16
    },
    {
      "training_mode": "denoise_dual_decoder_frequency_balanced",
      "noise_scale": 0.02,
      "layer": "Sg",
      "rmse": 8.720335960388184,
      "mae": 6.480796813964844,
      "bias": 0.0400356650352478,
      "nrmse": 0.14585621524804218,
      "r2": -0.2592604160308838,
      "corr": -0.14007674494106412,
      "fit_slope": -0.05434850293180969,
      "fit_intercept": 0.04037862925331946,
      "forward_residual_rmse": 0.0011609831126406789,
      "forward_residual_rmse_clean": 7.934621862659696e-06,
      "denoise_window_rmse": 0.7325751781463623,
      "best_val_loss": 6.16288457598005,
      "num_train_windows": 67,
      "num_test_windows": 16
    },
    {
      "training_mode": "denoise_dual_decoder_frequency_balanced",
      "noise_scale": 0.05,
      "layer": "S0",
      "rmse": 7.3852219581604,
      "mae": 5.5242719650268555,
      "bias": 0.0763963982462883,
      "nrmse": 0.11968143982587759,
      "r2": -0.02856123447418213,
      "corr": 0.04915532946891204,
      "fit_slope": 0.011052405452566832,
      "fit_intercept": 0.07630927955153388,
      "forward_residual_rmse": 0.0029093907214701176,
      "forward_residual_rmse_clean": 8.183764293789864e-06,
      "denoise_window_rmse": 0.5721178650856018,
      "best_val_loss": 6.176333870206561,
      "num_train_windows": 67,
      "num_test_windows": 16
    },
    {
      "training_mode": "denoise_dual_decoder_frequency_balanced",
      "noise_scale": 0.05,
      "layer": "Sg",
      "rmse": 9.077644348144531,
      "mae": 6.612727642059326,
      "bias": -0.10539022088050842,
      "nrmse": 0.1518325502598186,
      "r2": -0.36456871032714844,
      "corr": -0.15502919076717653,
      "fit_slope": -0.07258518242442699,
      "fit_intercept": -0.10504128236562306,
      "forward_residual_rmse": 0.0029093907214701176,
      "forward_residual_rmse_clean": 8.183764293789864e-06,
      "denoise_window_rmse": 0.5721178650856018,
      "best_val_loss": 6.176333870206561,
      "num_train_windows": 67,
      "num_test_windows": 16
    }
  ]
}