training_mode,noise_scale,layer,rmse,mae,bias,nrmse,r2,corr,fit_slope,fit_intercept,forward_residual_rmse,mean_weight,best_val_loss,num_train_windows,num_test_windows
noise_proxy_weighted_dual_decoder_balanced,0.0,S0,4.846261978149414,3.7050018310546875,-0.01069075521081686,0.07853624638558633,0.5570886135101318,0.7464020861958446,0.5533584845630276,-0.010730086464132663,1.7248722770091263e-06,1.0,1.4849362203053065,67,16
noise_proxy_weighted_dual_decoder_balanced,0.0,Sg,3.6083617210388184,2.652684211730957,-0.017659522593021393,0.06035340682599179,0.784389853477478,0.8891813411826799,0.7203561261715636,-0.017568546588340506,1.7248722770091263e-06,1.0,1.4849362203053065,67,16
noise_proxy_weighted_dual_decoder_balanced,0.01,S0,7.4678850173950195,5.616705894470215,0.2641233801841736,0.12102103855502334,-0.05171561241149902,0.019530362415904043,0.004782549759627865,0.2640357355274074,0.0005799630889669061,1.0057364702224731,4.269154361316136,67,16
noise_proxy_weighted_dual_decoder_balanced,0.01,Sg,8.131508827209473,6.172564506530762,-0.5754717588424683,0.13600750099311817,-0.09494256973266602,0.14771898197403746,0.07109786336612954,-0.5751695190284704,0.0005799630889669061,1.0057364702224731,4.269154361316136,67,16
noise_proxy_weighted_dual_decoder_balanced,0.02,S0,7.437112331390381,5.629715919494629,0.12851473689079285,0.1205223508528514,-0.043065786361694336,0.06945178686635956,0.01997262957040773,0.12842838023365832,0.0011610122164711356,0.9977875351905823,4.078297785350254,67,16
noise_proxy_weighted_dual_decoder_balanced,0.02,Sg,8.61164665222168,6.598515033721924,-0.5632564425468445,0.14403827942548833,-0.2280653715133667,0.027745782916471208,0.013889264377261037,-0.5629356582211389,0.0011610122164711356,0.9977875351905823,4.078297785350254,67,16
noise_proxy_weighted_dual_decoder_balanced,0.05,S0,7.52551794052124,5.686097145080566,-0.04234582930803299,0.12195501064959237,-0.06801128387451172,0.016736131711439554,0.004652609778588187,-0.04243348865889584,0.0029140484984964132,0.9998762011528015,3.653488806315831,67,16
noise_proxy_weighted_dual_decoder_balanced,0.05,Sg,10.268339157104492,7.491497039794922,-0.26631486415863037,0.17174809469976696,-0.7460212707519531,-0.2749250535996826,-0.1734367900305952,-0.26593308864075293,0.0029140484984964132,0.9998762011528015,3.653488806315831,67,16
