case,noise_scale,layer,rmse,mae,bias,r2,corr,fit_slope,fit_intercept,forward_residual_rmse,best_val_loss,num_train_windows,num_test_windows
two_layer_clean,0.0,S0,7.4908766746521,5.54072904586792,0.8374572992324829,-0.05820143222808838,-0.12443572791377701,-0.01511270079954245,0.8373678927106916,0.0006317630759440362,1.1830616976533617,67,16
two_layer_clean,0.0,Sg,3.4127109050750732,2.5142107009887695,0.0020104702562093735,0.8071373701095581,0.9008784085947551,0.7515232700974449,0.0020912777934670008,0.0006317630759440362,1.1830616976533617,67,16
two_layer_low_noise,0.05,S0,7.494326114654541,5.5443220138549805,-0.1326407790184021,-0.05917620658874512,-0.19410538430152308,-0.022627567218825737,-0.1327308552950567,0.002768797567114234,1.878092246396201,67,16
two_layer_low_noise,0.05,Sg,6.038008213043213,4.395262718200684,-0.15777695178985596,0.3962787389755249,0.6299556410134505,0.38904836049435915,-0.15757826730387667,0.002768797567114234,1.878092246396201,67,16
