training_mode,noise_scale,layer,rmse,mae,bias,nrmse,r2,corr,fit_slope,fit_intercept,forward_residual_rmse,best_val_loss,freeze_epochs,lr_scale,num_train_windows,num_test_windows
dual_decoder_frequency_stabilized_balanced,0.0,S0,4.659685134887695,3.550516366958618,-0.07937881350517273,0.07551266965813863,0.5905355215072632,0.7685503277757904,0.5876699693178639,-0.07941513213791704,1.625956656425842e-06,1.6819497006280082,0,1.0,67,16
dual_decoder_frequency_stabilized_balanced,0.0,Sg,3.336256742477417,2.4425642490386963,0.019030163064599037,0.05580218282460034,0.8156818747520447,0.9065881219298927,0.7504357816962866,0.019111364129777014,1.625956656425842e-06,1.6819497006280082,0,1.0,67,16
dual_decoder_frequency_stabilized_balanced,0.01,S0,7.4541707038879395,5.608340740203857,-0.10675619542598724,0.12079879082894963,-0.04785621166229248,-0.004307127966509265,-0.0009217440840785091,-0.10684437774722355,0.0005819707293994725,5.891005652291434,4,0.5,67,16
dual_decoder_frequency_stabilized_balanced,0.01,Sg,8.075942039489746,6.015417098999023,0.018952500075101852,0.13507809169201943,-0.08002912998199463,0.022044734637003537,0.006740979023860611,0.019275601027100072,0.0005819707293994725,5.891005652291434,4,0.5,67,16
dual_decoder_frequency_stabilized_balanced,0.02,S0,7.40775728225708,5.527541160583496,-0.1196470633149147,0.1200466367082615,-0.03484797477722168,0.011813950078033575,0.0023408217969252566,-0.11973495998768705,0.0011631023371592164,6.120028393609183,4,0.5,67,16
dual_decoder_frequency_stabilized_balanced,0.02,Sg,8.096040725708008,6.104689598083496,0.1446102410554886,0.1354142620318515,-0.0854114294052124,0.013216666355943834,0.004033402219166489,0.14493425017081826,0.0011631023371592164,6.120028393609183,4,0.5,67,16
dual_decoder_frequency_stabilized_balanced,0.05,S0,7.437778949737549,5.6144914627075195,0.10176881402730942,0.12053315375682036,-0.04325282573699951,-0.005070788508580622,-0.0010268064774109872,0.10168065745615167,0.00291028362698853,5.9655568940298895,4,0.4,67,16
dual_decoder_frequency_stabilized_balanced,0.05,Sg,8.234637260437012,6.174964904785156,0.5651138424873352,0.13773242570053273,-0.12289202213287354,-0.002732100927393538,-0.0009294958937153882,0.5654395426523625,0.00291028362698853,5.9655568940298895,4,0.4,67,16
