training_mode,noise_scale,layer,rmse,mae,bias,nrmse,r2,corr,fit_slope,fit_intercept,forward_residual_rmse,noise_level_condition,noise_condition_value,best_val_loss,num_train_windows,num_test_windows
hybrid_sg_emphasis_conditioned_dual_decoder_balanced,0.0,S0,4.31770133972168,3.259826183319092,0.038857877254486084,0.06997064082888163,0.6484329104423523,0.8055455679700739,0.6658449045874862,0.03882844260557002,1.7253927353522158e-06,0.0,0.0,1.456678867340088,67.0,16.0
hybrid_sg_emphasis_conditioned_dual_decoder_balanced,0.0,Sg,3.153947114944458,2.290377140045166,-0.2628552317619324,0.05275287458739178,0.8352756500244141,0.9182768561934523,0.7674390936394372,-0.26277955886901166,1.7253927353522158e-06,0.0,0.0,1.456678867340088,67.0,16.0
hybrid_sg_emphasis_conditioned_dual_decoder_balanced,0.01,S0,7.3590826988220215,5.535167217254639,-0.48580488562583923,0.11925783926094907,-0.021293044090270996,0.04713705393846773,0.008730306981454413,-0.48589215013809683,0.0005820299265906215,,,6.5125977993011475,,
hybrid_sg_emphasis_conditioned_dual_decoder_balanced,0.01,Sg,8.09703254699707,6.156008720397949,0.5921010971069336,0.13543085122062612,-0.0856776237487793,0.030281206658402803,0.009523906468193441,0.5924232455563301,0.0005820299265906215,,,6.5125977993011475,,
hybrid_sg_emphasis_conditioned_dual_decoder_balanced,0.02,S0,7.4290571212768555,5.608452796936035,0.06424440443515778,0.120391811899527,-0.040807485580444336,0.014038309521217074,0.003037078086329694,0.06415658850375232,0.0011649674270302057,,,7.1793855258396695,,
hybrid_sg_emphasis_conditioned_dual_decoder_balanced,0.02,Sg,7.658562660217285,5.6709442138671875,0.24741880595684052,0.12809701013050714,0.028721868991851807,0.19939426625523976,0.05971984393177354,0.24772468410888837,0.0011649674270302057,,,7.1793855258396695,,
hybrid_sg_emphasis_conditioned_dual_decoder_balanced,0.05,S0,7.2926764488220215,5.482171058654785,0.20059770345687866,0.11818169074998179,-0.0029445886611938477,0.07927709535314317,0.013581246017302531,0.20051080736318327,0.002906883368268609,,,6.477964196886335,,
hybrid_sg_emphasis_conditioned_dual_decoder_balanced,0.05,Sg,7.915286064147949,5.867578506469727,-0.28287580609321594,0.1323909621333901,-0.03748607635498047,0.055584516625188714,0.01410191799392403,-0.28255507991981976,0.002906883368268609,,,6.477964196886335,,
