rmse,mae,bias,nrmse,r2,corr,fit_slope,fit_intercept,forward_residual_rmse,case,noise_scale,best_val_loss,num_train_windows,num_test_windows,training_mode,epochs_completed,warm_start_from
3.089158773422241,1.9682228565216064,-0.04320678114891052,0.39752529221176475,0.8419736623764038,0.9421906128329479,0.6862648127200358,-0.04310473591386891,0.0005643364856950939,curriculum_stage_0p00,0.0,0.8810744423951421,67,16,curriculum,16,scratch
5.689335823059082,4.14816951751709,-0.18001589179039001,0.7321264627155791,0.46399086713790894,0.6912019167519451,0.39824901158070025,-0.179820121979212,0.0028411655221134424,curriculum_stage_0p05,0.05,2.4044122525623868,67,16,curriculum,12,curriculum_stage_0p00
6.537222862243652,4.788369178771973,-0.7940254211425781,0.8412359542426253,0.292322039604187,0.5503282789255107,0.3083293361458496,-0.7938004633880454,0.005669633857905865,curriculum_stage_0p10,0.1,2.063392238957541,67,16,curriculum,11,curriculum_stage_0p05
7.504719257354736,5.43467378616333,-0.516863226890564,0.9657372555319369,0.0673515796661377,0.29129235275950055,0.11816043217300683,-0.5165763833725217,0.014420605264604092,curriculum_stage_0p25,0.25,3.2719623872212003,67,16,curriculum,12,curriculum_stage_0p10
