{
  "metrics": [
    {
      "training_mode": "refined_noise_conditioned_dual_decoder_balanced",
      "noise_scale": 0.0,
      "layer": "S0",
      "rmse": 4.31770133972168,
      "mae": 3.259826183319092,
      "bias": 0.038857877254486084,
      "nrmse": 0.06997064082888163,
      "r2": 0.6484329104423523,
      "corr": 0.8055455679700739,
      "fit_slope": 0.6658449045874862,
      "fit_intercept": 0.03882844260557002,
      "forward_residual_rmse": 1.7253927353522158e-06,
      "noise_level_condition": 0.0,
      "noise_condition_value": 0.0,
      "best_val_loss": 1.456678867340088,
      "num_train_windows": 67,
      "num_test_windows": 16
    },
    {
      "training_mode": "refined_noise_conditioned_dual_decoder_balanced",
      "noise_scale": 0.0,
      "layer": "Sg",
      "rmse": 3.153947114944458,
      "mae": 2.290377140045166,
      "bias": -0.2628552317619324,
      "nrmse": 0.05275287458739178,
      "r2": 0.8352756500244141,
      "corr": 0.9182768561934523,
      "fit_slope": 0.7674390936394372,
      "fit_intercept": -0.26277955886901166,
      "forward_residual_rmse": 1.7253927353522158e-06,
      "noise_level_condition": 0.0,
      "noise_condition_value": 0.0,
      "best_val_loss": 1.456678867340088,
      "num_train_windows": 67,
      "num_test_windows": 16
    },
    {
      "training_mode": "refined_noise_conditioned_dual_decoder_balanced",
      "noise_scale": 0.01,
      "layer": "S0",
      "rmse": 7.444508075714111,
      "mae": 5.596749305725098,
      "bias": 0.35604235529899597,
      "nrmse": 0.12064220281319366,
      "r2": -0.04514133930206299,
      "corr": 0.002648236679979425,
      "fit_slope": 0.0005546148454001976,
      "fit_intercept": 0.3559542818158599,
      "forward_residual_rmse": 0.0005803063977509737,
      "noise_level_condition": 0.01,
      "noise_condition_value": 0.19999999999999998,
      "best_val_loss": 6.181479317801339,
      "num_train_windows": 67,
      "num_test_windows": 16
    },
    {
      "training_mode": "refined_noise_conditioned_dual_decoder_balanced",
      "noise_scale": 0.01,
      "layer": "Sg",
      "rmse": 8.142438888549805,
      "mae": 6.055136680603027,
      "bias": -0.38386043906211853,
      "nrmse": 0.13619031704364323,
      "r2": -0.09788823127746582,
      "corr": -0.016966410396378917,
      "fit_slope": -0.004961761094113943,
      "fit_intercept": -0.3835335639695743,
      "forward_residual_rmse": 0.0005803063977509737,
      "noise_level_condition": 0.01,
      "noise_condition_value": 0.19999999999999998,
      "best_val_loss": 6.181479317801339,
      "num_train_windows": 67,
      "num_test_windows": 16
    },
    {
      "training_mode": "refined_noise_conditioned_dual_decoder_balanced",
      "noise_scale": 0.02,
      "layer": "S0",
      "rmse": 7.386676788330078,
      "mae": 5.550445556640625,
      "bias": 0.043985068798065186,
      "nrmse": 0.11970501612059095,
      "r2": -0.028966546058654785,
      "corr": 0.02759246062583266,
      "fit_slope": 0.005515864219822251,
      "fit_intercept": 0.04389744958626022,
      "forward_residual_rmse": 0.0011641141027212143,
      "noise_level_condition": 0.02,
      "noise_condition_value": 0.39999999999999997,
      "best_val_loss": 6.178959574018206,
      "num_train_windows": 67,
      "num_test_windows": 16
    },
    {
      "training_mode": "refined_noise_conditioned_dual_decoder_balanced",
      "noise_scale": 0.02,
      "layer": "Sg",
      "rmse": 7.993001461029053,
      "mae": 5.958046913146973,
      "bias": -0.01715649664402008,
      "nrmse": 0.13369082875631236,
      "r2": -0.05795896053314209,
      "corr": 0.024358834747396262,
      "fit_slope": 0.006487358789862091,
      "fit_intercept": -0.016833289352507757,
      "forward_residual_rmse": 0.0011641141027212143,
      "noise_level_condition": 0.02,
      "noise_condition_value": 0.39999999999999997,
      "best_val_loss": 6.178959574018206,
      "num_train_windows": 67,
      "num_test_windows": 16
    },
    {
      "training_mode": "refined_noise_conditioned_dual_decoder_balanced",
      "noise_scale": 0.05,
      "layer": "S0",
      "rmse": 7.385693550109863,
      "mae": 5.55726957321167,
      "bias": 0.04810601845383644,
      "nrmse": 0.11968908222360669,
      "r2": -0.02869260311126709,
      "corr": 0.04401945633768825,
      "fit_slope": 0.0096363028205461,
      "fit_intercept": 0.04801875057173624,
      "forward_residual_rmse": 0.0029080952517688274,
      "noise_level_condition": 0.05,
      "noise_condition_value": 1.0,
      "best_val_loss": 6.080502067293439,
      "num_train_windows": 67,
      "num_test_windows": 16
    },
    {
      "training_mode": "refined_noise_conditioned_dual_decoder_balanced",
      "noise_scale": 0.05,
      "layer": "Sg",
      "rmse": 8.226519584655762,
      "mae": 6.113564968109131,
      "bias": 0.281065970659256,
      "nrmse": 0.1375966495708696,
      "r2": -0.12067937850952148,
      "corr": -0.04299279635803855,
      "fit_slope": -0.013120254455329864,
      "fit_intercept": 0.2813955297252029,
      "forward_residual_rmse": 0.0029080952517688274,
      "noise_level_condition": 0.05,
      "noise_condition_value": 1.0,
      "best_val_loss": 6.080502067293439,
      "num_train_windows": 67,
      "num_test_windows": 16
    }
  ]
}