{
  "metrics": [
    {
      "training_mode": "cumulative_noise_conditioned_dual_decoder_balanced",
      "noise_scale": 0.0,
      "layer": "S0",
      "rmse": 4.31770133972168,
      "mae": 3.259826183319092,
      "bias": 0.038857877254486084,
      "nrmse": 0.06997064082888163,
      "r2": 0.6484329104423523,
      "corr": 0.8055455679700739,
      "fit_slope": 0.6658449045874862,
      "fit_intercept": 0.03882844260557002,
      "forward_residual_rmse": 1.7253927353522158e-06,
      "noise_level_condition": 0.0,
      "noise_condition_value_mean": 0.0,
      "best_val_loss": 1.456678867340088,
      "num_train_windows": 67,
      "num_test_windows": 16,
      "mixture_noises": "0.00"
    },
    {
      "training_mode": "cumulative_noise_conditioned_dual_decoder_balanced",
      "noise_scale": 0.0,
      "layer": "Sg",
      "rmse": 3.153947114944458,
      "mae": 2.290377140045166,
      "bias": -0.2628552317619324,
      "nrmse": 0.05275287458739178,
      "r2": 0.8352756500244141,
      "corr": 0.9182768561934523,
      "fit_slope": 0.7674390936394372,
      "fit_intercept": -0.26277955886901166,
      "forward_residual_rmse": 1.7253927353522158e-06,
      "noise_level_condition": 0.0,
      "noise_condition_value_mean": 0.0,
      "best_val_loss": 1.456678867340088,
      "num_train_windows": 67,
      "num_test_windows": 16,
      "mixture_noises": "0.00"
    },
    {
      "training_mode": "cumulative_noise_conditioned_dual_decoder_balanced",
      "noise_scale": 0.01,
      "layer": "S0",
      "rmse": 7.3552327156066895,
      "mae": 5.52175235748291,
      "bias": -0.05720433220267296,
      "nrmse": 0.11919544824045886,
      "r2": -0.020224809646606445,
      "corr": 0.06273777957457587,
      "fit_slope": 0.013675381349735677,
      "fit_intercept": -0.057291194437710434,
      "forward_residual_rmse": 0.0005814842297695577,
      "noise_level_condition": 0.01,
      "noise_condition_value_mean": 0.10000002384185791,
      "best_val_loss": 5.0633248261043,
      "num_train_windows": 134,
      "num_test_windows": 16,
      "mixture_noises": "0.00,0.01"
    },
    {
      "training_mode": "cumulative_noise_conditioned_dual_decoder_balanced",
      "noise_scale": 0.01,
      "layer": "Sg",
      "rmse": 8.331836700439453,
      "mae": 6.22422456741333,
      "bias": 0.10044825077056885,
      "nrmse": 0.1393581821515897,
      "r2": -0.14955711364746094,
      "corr": 0.051305950358666474,
      "fit_slope": 0.022636514855695747,
      "fit_intercept": 0.10076620136475668,
      "forward_residual_rmse": 0.0005814842297695577,
      "noise_level_condition": 0.01,
      "noise_condition_value_mean": 0.10000002384185791,
      "best_val_loss": 5.0633248261043,
      "num_train_windows": 134,
      "num_test_windows": 16,
      "mixture_noises": "0.00,0.01"
    },
    {
      "training_mode": "cumulative_noise_conditioned_dual_decoder_balanced",
      "noise_scale": 0.02,
      "layer": "S0",
      "rmse": 7.4359211921691895,
      "mae": 5.556491851806641,
      "bias": -0.36644861102104187,
      "nrmse": 0.12050304780985109,
      "r2": -0.04273176193237305,
      "corr": 0.04532341465948289,
      "fit_slope": 0.011370744330501422,
      "fit_intercept": -0.36653570643802114,
      "forward_residual_rmse": 0.0011641134042292833,
      "noise_level_condition": 0.02,
      "noise_condition_value_mean": 0.20000004768371582,
      "best_val_loss": 5.1417769477480935,
      "num_train_windows": 201,
      "num_test_windows": 16,
      "mixture_noises": "0.00,0.01,0.02"
    },
    {
      "training_mode": "cumulative_noise_conditioned_dual_decoder_balanced",
      "noise_scale": 0.02,
      "layer": "Sg",
      "rmse": 9.522976875305176,
      "mae": 6.983745098114014,
      "bias": 0.9667853116989136,
      "nrmse": 0.1592811757753436,
      "r2": -0.5017393827438354,
      "corr": -0.26191438230981334,
      "fit_slope": -0.1264982067946942,
      "fit_intercept": 0.9671518338382209,
      "forward_residual_rmse": 0.0011641134042292833,
      "noise_level_condition": 0.02,
      "noise_condition_value_mean": 0.20000004768371582,
      "best_val_loss": 5.1417769477480935,
      "num_train_windows": 201,
      "num_test_windows": 16,
      "mixture_noises": "0.00,0.01,0.02"
    },
    {
      "training_mode": "cumulative_noise_conditioned_dual_decoder_balanced",
      "noise_scale": 0.05,
      "layer": "S0",
      "rmse": 7.538093090057373,
      "mae": 5.651180267333984,
      "bias": -0.07904878258705139,
      "nrmse": 0.12215879761916978,
      "r2": -0.07158350944519043,
      "corr": -0.023761451346969647,
      "fit_slope": -0.005812605457958584,
      "fit_intercept": -0.07913736144487304,
      "forward_residual_rmse": 0.0029106708243489265,
      "noise_level_condition": 0.05,
      "noise_condition_value_mean": 0.40000009536743164,
      "best_val_loss": 5.391625182969229,
      "num_train_windows": 268,
      "num_test_windows": 16,
      "mixture_noises": "0.00,0.01,0.02,0.05"
    },
    {
      "training_mode": "cumulative_noise_conditioned_dual_decoder_balanced",
      "noise_scale": 0.05,
      "layer": "Sg",
      "rmse": 8.209811210632324,
      "mae": 6.137143135070801,
      "bias": 0.43342649936676025,
      "nrmse": 0.13731718554458924,
      "r2": -0.11613154411315918,
      "corr": -0.0014695996892052205,
      "fit_slope": -0.0004919029694061308,
      "fit_intercept": 0.4337519581184429,
      "forward_residual_rmse": 0.0029106708243489265,
      "noise_level_condition": 0.05,
      "noise_condition_value_mean": 0.40000009536743164,
      "best_val_loss": 5.391625182969229,
      "num_train_windows": 268,
      "num_test_windows": 16,
      "mixture_noises": "0.00,0.01,0.02,0.05"
    }
  ]
}