training_mode,noise_scale,layer,rmse,mae,bias,nrmse,r2,corr,fit_slope,fit_intercept,forward_residual_rmse,noise_level_condition,best_val_loss,num_train_windows,num_test_windows
noise_conditioned_dual_decoder_balanced,0.0,S0,4.772151947021484,3.637387990951538,0.09954281896352768,0.07733525401444566,0.5705312490463257,0.7562207113577013,0.5462063362214559,0.09950284299484366,1.7770115618986893e-06,0.0,1.6932628495352608,67,16
noise_conditioned_dual_decoder_balanced,0.0,Sg,3.5382590293884277,2.5895442962646484,-0.04496609419584274,0.059180870202486364,0.7926861047744751,0.8967294496565918,0.7083619728921916,-0.04487121453443295,1.7770115618986893e-06,0.0,1.6932628495352608,67,16
noise_conditioned_dual_decoder_balanced,0.01,S0,7.343409061431885,5.526186943054199,0.1436706930398941,0.11900383965189365,-0.016947388648986816,0.04508475440382841,0.008179860387798842,0.14358333413169785,0.0005824623513035476,0.01,6.1740293843405585,67,16
noise_conditioned_dual_decoder_balanced,0.01,Sg,8.051044464111328,6.082906723022461,-0.3494739830493927,0.134661655200347,-0.07338011264801025,0.024418038567668682,0.007146192099319205,-0.34915101514414354,0.0005824623513035476,0.01,6.1740293843405585,67,16
noise_conditioned_dual_decoder_balanced,0.02,S0,7.52623987197876,5.674125671386719,-0.06173333898186684,0.12196670993185918,-0.06821620464324951,-0.016357534351809484,-0.004010854661932881,-0.0618217781317645,0.0011639186413958669,0.02,6.673672369548252,67,16
noise_conditioned_dual_decoder_balanced,0.02,Sg,7.772543430328369,5.796891212463379,-0.35663706064224243,0.13000345087028797,-0.00040400028228759766,0.1762550959305112,0.06126862773359016,-0.35633165644182485,0.0011639186413958669,0.02,6.673672369548252,67,16
noise_conditioned_dual_decoder_balanced,0.05,S0,7.351102828979492,5.55015754699707,0.3580453097820282,0.11912852123668553,-0.01907944679260254,0.06624324965197761,0.013999163994524921,0.35795845315872754,0.0029062461107969284,0.05,6.039024863924299,67,16
noise_conditioned_dual_decoder_balanced,0.05,Sg,8.078786849975586,6.026339054107666,-0.5254688858985901,0.1351256739517451,-0.08079004287719727,0.011514065871412113,0.003314089125232271,-0.52514468916241,0.0029062461107969284,0.05,6.039024863924299,67,16
