training_mode,noise_scale,layer,rmse,mae,bias,nrmse,r2,corr,fit_slope,fit_intercept,forward_residual_rmse,noise_level_condition,clean_anchor_windows,best_val_loss,num_train_windows,num_test_windows
clean_anchor_conditioned_dual_decoder_balanced,0.0,S0,4.772151947021484,3.637387990951538,0.09954281896352768,0.07733525401444566,0.5705312490463257,0.7562207113577013,0.5462063362214559,0.09950284299484366,1.7770115618986893e-06,0.0,0,1.6932628495352608,67,16
clean_anchor_conditioned_dual_decoder_balanced,0.0,Sg,3.5382590293884277,2.5895442962646484,-0.04496609419584274,0.059180870202486364,0.7926861047744751,0.8967294496565918,0.7083619728921916,-0.04487121453443295,1.7770115618986893e-06,0.0,0,1.6932628495352608,67,16
clean_anchor_conditioned_dual_decoder_balanced,0.01,S0,7.416560649871826,5.604031085968018,-0.32723307609558105,0.12018929995080428,-0.03730893135070801,0.033553491804065,0.007528795509365755,-0.3273205026191989,0.0005823940155096352,0.01,16,6.04197233063834,83,16
clean_anchor_conditioned_dual_decoder_balanced,0.01,Sg,8.12773323059082,6.0667877197265625,0.2146097868680954,0.1359443504177732,-0.0939260721206665,0.0028297241328663755,0.0008717521007995653,0.21493478461464804,0.0005823940155096352,0.01,16,6.04197233063834,83,16
clean_anchor_conditioned_dual_decoder_balanced,0.02,S0,7.447896957397461,5.621119976043701,-0.4300493597984314,0.12069712143873539,-0.046093106269836426,0.0019335195270439951,0.00040285590145219694,-0.4301374145061919,0.0011645794147625566,0.02,16,6.305062430245536,83,16
clean_anchor_conditioned_dual_decoder_balanced,0.02,Sg,7.880650043487549,5.855364799499512,0.8951409459114075,0.13181164054443675,-0.028426289558410645,0.10267087288275675,0.02700031015936355,0.8954574569262218,0.0011645794147625566,0.02,16,6.305062430245536,83,16
clean_anchor_conditioned_dual_decoder_balanced,0.05,S0,7.37190055847168,5.562182426452637,0.3838486671447754,0.11946555947667828,-0.024853944778442383,0.06029176572657372,0.013302586710430893,0.383761746125245,0.0029064754489809275,0.05,16,5.818321091788156,83,16
clean_anchor_conditioned_dual_decoder_balanced,0.05,Sg,8.200698852539062,6.0584516525268555,0.10309123992919922,0.13716477237272232,-0.1136554479598999,0.03538243817066184,0.01323666396585244,0.1034122152402001,0.0029064754489809275,0.05,16,5.818321091788156,83,16
