training_mode,noise_scale,layer,rmse,mae,bias,nrmse,r2,corr,fit_slope,fit_intercept,forward_residual_rmse,mean_log_var,best_val_loss,num_train_windows,num_test_windows
uncertainty_aware_dual_decoder_balanced,0.0,S0,5.354995250701904,4.076577186584473,0.005234368145465851,0.08678053895950633,0.4592192769050598,0.6804598679471221,0.4210466843064601,0.005183364261956871,1.9778676687565167e-06,-0.9533476829528809,0.762973930154528,67,16
uncertainty_aware_dual_decoder_balanced,0.0,Sg,3.831740617752075,2.840632200241089,-0.03557606786489487,0.06408963907540029,0.7568684816360474,0.8753952306120176,0.6813205175656042,-0.03547240420962239,1.9778676687565167e-06,-0.9533476829528809,0.762973930154528,67,16
uncertainty_aware_dual_decoder_balanced,0.01,S0,7.651874542236328,5.768345832824707,-0.007528986781835556,0.12400268641484907,-0.10417699813842773,0.006195447724414472,0.0020384136094442453,-0.0076168794178838066,0.0005820305668748915,0.1318494975566864,2.131576214517866,67,16
uncertainty_aware_dual_decoder_balanced,0.01,Sg,9.215816497802734,6.896166801452637,0.7470361590385437,0.15414361566984144,-0.40642547607421875,-0.001319806587564089,-0.0008300357391658764,0.7473617420390962,0.0005820305668748915,0.1318494975566864,2.131576214517866,67,16
uncertainty_aware_dual_decoder_balanced,0.02,S0,7.752812385559082,5.847751140594482,0.15730975568294525,0.12563843771524671,-0.13350021839141846,-0.008447099317336513,-0.0030104484778620886,0.15722136968396486,0.0011633782414719462,0.21941785514354706,2.156950984682356,67,16
uncertainty_aware_dual_decoder_balanced,0.02,Sg,9.576815605163574,7.206234455108643,0.1336858570575714,0.16018168160523116,-0.5187677145004272,-0.027902512039120784,-0.019327725705970147,0.13401744654716355,0.0011633782414719462,0.21941785514354706,2.156950984682356,67,16
uncertainty_aware_dual_decoder_balanced,0.05,S0,8.020249366760254,5.928327560424805,-0.1328311264514923,0.12997239587576964,-0.21305012702941895,-0.013262690553811369,-0.0059435542380807714,-0.13291979751694336,0.002910616109147668,0.09557830542325974,1.951382807322911,67,16
uncertainty_aware_dual_decoder_balanced,0.05,Sg,9.584914207458496,7.165348052978516,1.568437933921814,0.16031713871203324,-0.5213372707366943,-0.0031458052270368253,-0.0021709675548071744,1.568763869819346,0.002910616109147668,0.09557830542325974,1.951382807322911,67,16
