case,rmse,mae,bias,nrmse,r2,corr,fit_slope,fit_intercept,forward_residual_rmse,best_val_loss,num_train_windows,num_test_windows,noise_scale,signal_scale
clean,7.556600570678711,5.556528091430664,0.02388988435268402,0.6349292457913953,0.5968648195266724,0.790368712822673,0.4928691440416715,0.02442047061624496,1.792094828090285e-08,0.5572237521409988,67,16,0.0,1.0
low_noise,12.37598991394043,9.575465202331543,0.0695129930973053,1.0398694318276427,-0.0813283920288086,-0.29479236489743976,-0.03399715685198901,0.07059480069693792,0.014592370949685574,1.9081236634935652,67,16,0.25,1.0
medium_noise,12.35272216796875,9.56615161895752,0.049648039042949677,1.037914402940925,-0.07726621627807617,-0.22102308396065642,-0.029635346388063744,0.05072525544707818,0.029155205935239792,1.8811097485678536,67,16,0.5,1.0
current_noise,12.40768814086914,9.588760375976562,-0.11725117266178131,1.042532816127041,-0.08687448501586914,-0.30293427285861363,-0.0362350438282143,-0.11616696513184858,0.05826503783464432,1.9107984474727087,67,16,1.0,1.0
