training_mode,noise_scale,layer,rmse,mae,bias,nrmse,r2,corr,fit_slope,fit_intercept,forward_residual_rmse,noise_level_condition,noise_condition_value,best_val_loss,num_train_windows,num_test_windows
refined_noise_conditioned_dual_decoder_balanced,0.0,S0,4.31770133972168,3.259826183319092,0.038857877254486084,0.06997064082888163,0.6484329104423523,0.8055455679700739,0.6658449045874862,0.03882844260557002,1.7253927353522158e-06,0.0,0.0,1.456678867340088,67,16
refined_noise_conditioned_dual_decoder_balanced,0.0,Sg,3.153947114944458,2.290377140045166,-0.2628552317619324,0.05275287458739178,0.8352756500244141,0.9182768561934523,0.7674390936394372,-0.26277955886901166,1.7253927353522158e-06,0.0,0.0,1.456678867340088,67,16
refined_noise_conditioned_dual_decoder_balanced,0.01,S0,7.444508075714111,5.596749305725098,0.35604235529899597,0.12064220281319366,-0.04514133930206299,0.002648236679979425,0.0005546148454001976,0.3559542818158599,0.0005803063977509737,0.01,0.19999999999999998,6.181479317801339,67,16
refined_noise_conditioned_dual_decoder_balanced,0.01,Sg,8.142438888549805,6.055136680603027,-0.38386043906211853,0.13619031704364323,-0.09788823127746582,-0.016966410396378917,-0.004961761094113943,-0.3835335639695743,0.0005803063977509737,0.01,0.19999999999999998,6.181479317801339,67,16
refined_noise_conditioned_dual_decoder_balanced,0.02,S0,7.386676788330078,5.550445556640625,0.043985068798065186,0.11970501612059095,-0.028966546058654785,0.02759246062583266,0.005515864219822251,0.04389744958626022,0.0011641141027212143,0.02,0.39999999999999997,6.178959574018206,67,16
refined_noise_conditioned_dual_decoder_balanced,0.02,Sg,7.993001461029053,5.958046913146973,-0.01715649664402008,0.13369082875631236,-0.05795896053314209,0.024358834747396262,0.006487358789862091,-0.016833289352507757,0.0011641141027212143,0.02,0.39999999999999997,6.178959574018206,67,16
refined_noise_conditioned_dual_decoder_balanced,0.05,S0,7.385693550109863,5.55726957321167,0.04810601845383644,0.11968908222360669,-0.02869260311126709,0.04401945633768825,0.0096363028205461,0.04801875057173624,0.0029080952517688274,0.05,1.0,6.080502067293439,67,16
refined_noise_conditioned_dual_decoder_balanced,0.05,Sg,8.226519584655762,6.113564968109131,0.281065970659256,0.1375966495708696,-0.12067937850952148,-0.04299279635803855,-0.013120254455329864,0.2813955297252029,0.0029080952517688274,0.05,1.0,6.080502067293439,67,16
