rmse,mae,bias,nrmse,r2,corr,fit_slope,fit_intercept,forward_residual_rmse,case,noise_scale,best_val_loss,num_train_windows,num_test_windows
7.608025074005127,5.603976726531982,-0.02821301855146885,1.04477662273439,-0.09155809879302979,-0.05440892707989297,-0.013765749628484146,-0.0283023470310152,1.563426721418182e-08,s0_only_clean,0.0,3.312800713947841,67,16
7.6573405265808105,5.594683647155762,-0.23190343379974365,1.0515488969434597,-0.10575509071350098,-0.07159049675262523,-0.01860423389424642,-0.23199317683203352,0.0029176983516663313,s0_only_low_noise,0.05,3.221349000930786,67,16
