case,rmse,r2,corr,fit_slope,fit_intercept,forward_residual_rmse,best_val_loss,num_train_windows,num_test_windows,noise_scale
no_noise,8.067139625549316,-0.07767593860626221,-0.1666546434843524,-0.026343812459936302,0.00729400485881175,0.001582815428264439,2.7083234190940857,67,16,0.0
low_noise,8.18046760559082,-0.10816729068756104,-0.21330923722390055,-0.03806606143269232,-0.10653550999965379,0.01451303530484438,2.3518677353858948,67,16,0.25
