training_mode,noise_scale,layer,rmse,mae,bias,nrmse,r2,corr,fit_slope,fit_intercept,forward_residual_rmse,noise_level_condition,noise_condition_value_mean,best_val_loss,num_train_windows,num_test_windows
jittered_noise_conditioned_dual_decoder_balanced,0.0,S0,4.31770133972168,3.259826183319092,0.038857877254486084,0.06997064082888163,0.6484329104423523,0.8055455679700739,0.6658449045874862,0.03882844260557002,1.7253927353522158e-06,0.0,0.0,1.456678867340088,67,16
jittered_noise_conditioned_dual_decoder_balanced,0.0,Sg,3.153947114944458,2.290377140045166,-0.2628552317619324,0.05275287458739178,0.8352756500244141,0.9182768561934523,0.7674390936394372,-0.26277955886901166,1.7253927353522158e-06,0.0,0.0,1.456678867340088,67,16
jittered_noise_conditioned_dual_decoder_balanced,0.01,S0,7.53347635269165,5.644558906555176,-0.328016072511673,0.12208398094089554,-0.07027137279510498,-0.02355680601077431,-0.005623850407736524,-0.3281046277461198,0.0005953215295448899,0.01,0.1974947601556778,5.844247375215803,67,16
jittered_noise_conditioned_dual_decoder_balanced,0.01,Sg,8.336021423339844,6.3495283126831055,0.8634936809539795,0.1394281757673042,-0.15071213245391846,-0.03279104795468312,-0.011169479919288402,0.8638226058898136,0.0005953215295448899,0.01,0.1974947601556778,5.844247375215803,67,16
jittered_noise_conditioned_dual_decoder_balanced,0.02,S0,7.5514726638793945,5.671012878417969,-0.4851931631565094,0.12237562071106167,-0.07539093494415283,-0.03326238907631996,-0.007822437368290863,-0.4852819407444856,0.001208545989356935,0.02,0.4009458124637604,5.967982087816511,67,16
jittered_noise_conditioned_dual_decoder_balanced,0.02,Sg,8.382270812988281,6.305264472961426,0.43570297956466675,0.14020174240077973,-0.16351616382598877,-0.04190273642997369,-0.015116366681017807,0.43603320017044567,0.001208545989356935,0.02,0.4009458124637604,5.967982087816511,67,16
jittered_noise_conditioned_dual_decoder_balanced,0.05,S0,7.535924434661865,5.660600185394287,-0.36112117767333984,0.12212365340797465,-0.07096707820892334,-0.02503023717696576,-0.005954794649955411,-0.36120980027894284,0.0027851767372339964,0.05,0.9577603936195374,6.155926874705723,67,16
jittered_noise_conditioned_dual_decoder_balanced,0.05,Sg,8.538269996643066,6.511083126068115,1.5938626527786255,0.14281098252788355,-0.20722687244415283,-0.04451088439489593,-0.016216072248854907,1.594193220046937,0.0027851767372339964,0.05,0.9577603936195374,6.155926874705723,67,16
