{
  "metrics": [
    {
      "training_mode": "jittered_noise_conditioned_dual_decoder_balanced",
      "noise_scale": 0.0,
      "layer": "S0",
      "rmse": 4.31770133972168,
      "mae": 3.259826183319092,
      "bias": 0.038857877254486084,
      "nrmse": 0.06997064082888163,
      "r2": 0.6484329104423523,
      "corr": 0.8055455679700739,
      "fit_slope": 0.6658449045874862,
      "fit_intercept": 0.03882844260557002,
      "forward_residual_rmse": 1.7253927353522158e-06,
      "noise_level_condition": 0.0,
      "noise_condition_value_mean": 0.0,
      "best_val_loss": 1.456678867340088,
      "num_train_windows": 67,
      "num_test_windows": 16
    },
    {
      "training_mode": "jittered_noise_conditioned_dual_decoder_balanced",
      "noise_scale": 0.0,
      "layer": "Sg",
      "rmse": 3.153947114944458,
      "mae": 2.290377140045166,
      "bias": -0.2628552317619324,
      "nrmse": 0.05275287458739178,
      "r2": 0.8352756500244141,
      "corr": 0.9182768561934523,
      "fit_slope": 0.7674390936394372,
      "fit_intercept": -0.26277955886901166,
      "forward_residual_rmse": 1.7253927353522158e-06,
      "noise_level_condition": 0.0,
      "noise_condition_value_mean": 0.0,
      "best_val_loss": 1.456678867340088,
      "num_train_windows": 67,
      "num_test_windows": 16
    },
    {
      "training_mode": "jittered_noise_conditioned_dual_decoder_balanced",
      "noise_scale": 0.01,
      "layer": "S0",
      "rmse": 7.53347635269165,
      "mae": 5.644558906555176,
      "bias": -0.328016072511673,
      "nrmse": 0.12208398094089554,
      "r2": -0.07027137279510498,
      "corr": -0.02355680601077431,
      "fit_slope": -0.005623850407736524,
      "fit_intercept": -0.3281046277461198,
      "forward_residual_rmse": 0.0005953215295448899,
      "noise_level_condition": 0.01,
      "noise_condition_value_mean": 0.1974947601556778,
      "best_val_loss": 5.844247375215803,
      "num_train_windows": 67,
      "num_test_windows": 16
    },
    {
      "training_mode": "jittered_noise_conditioned_dual_decoder_balanced",
      "noise_scale": 0.01,
      "layer": "Sg",
      "rmse": 8.336021423339844,
      "mae": 6.3495283126831055,
      "bias": 0.8634936809539795,
      "nrmse": 0.1394281757673042,
      "r2": -0.15071213245391846,
      "corr": -0.03279104795468312,
      "fit_slope": -0.011169479919288402,
      "fit_intercept": 0.8638226058898136,
      "forward_residual_rmse": 0.0005953215295448899,
      "noise_level_condition": 0.01,
      "noise_condition_value_mean": 0.1974947601556778,
      "best_val_loss": 5.844247375215803,
      "num_train_windows": 67,
      "num_test_windows": 16
    },
    {
      "training_mode": "jittered_noise_conditioned_dual_decoder_balanced",
      "noise_scale": 0.02,
      "layer": "S0",
      "rmse": 7.5514726638793945,
      "mae": 5.671012878417969,
      "bias": -0.4851931631565094,
      "nrmse": 0.12237562071106167,
      "r2": -0.07539093494415283,
      "corr": -0.03326238907631996,
      "fit_slope": -0.007822437368290863,
      "fit_intercept": -0.4852819407444856,
      "forward_residual_rmse": 0.001208545989356935,
      "noise_level_condition": 0.02,
      "noise_condition_value_mean": 0.4009458124637604,
      "best_val_loss": 5.967982087816511,
      "num_train_windows": 67,
      "num_test_windows": 16
    },
    {
      "training_mode": "jittered_noise_conditioned_dual_decoder_balanced",
      "noise_scale": 0.02,
      "layer": "Sg",
      "rmse": 8.382270812988281,
      "mae": 6.305264472961426,
      "bias": 0.43570297956466675,
      "nrmse": 0.14020174240077973,
      "r2": -0.16351616382598877,
      "corr": -0.04190273642997369,
      "fit_slope": -0.015116366681017807,
      "fit_intercept": 0.43603320017044567,
      "forward_residual_rmse": 0.001208545989356935,
      "noise_level_condition": 0.02,
      "noise_condition_value_mean": 0.4009458124637604,
      "best_val_loss": 5.967982087816511,
      "num_train_windows": 67,
      "num_test_windows": 16
    },
    {
      "training_mode": "jittered_noise_conditioned_dual_decoder_balanced",
      "noise_scale": 0.05,
      "layer": "S0",
      "rmse": 7.535924434661865,
      "mae": 5.660600185394287,
      "bias": -0.36112117767333984,
      "nrmse": 0.12212365340797465,
      "r2": -0.07096707820892334,
      "corr": -0.02503023717696576,
      "fit_slope": -0.005954794649955411,
      "fit_intercept": -0.36120980027894284,
      "forward_residual_rmse": 0.0027851767372339964,
      "noise_level_condition": 0.05,
      "noise_condition_value_mean": 0.9577603936195374,
      "best_val_loss": 6.155926874705723,
      "num_train_windows": 67,
      "num_test_windows": 16
    },
    {
      "training_mode": "jittered_noise_conditioned_dual_decoder_balanced",
      "noise_scale": 0.05,
      "layer": "Sg",
      "rmse": 8.538269996643066,
      "mae": 6.511083126068115,
      "bias": 1.5938626527786255,
      "nrmse": 0.14281098252788355,
      "r2": -0.20722687244415283,
      "corr": -0.04451088439489593,
      "fit_slope": -0.016216072248854907,
      "fit_intercept": 1.594193220046937,
      "forward_residual_rmse": 0.0027851767372339964,
      "noise_level_condition": 0.05,
      "noise_condition_value_mean": 0.9577603936195374,
      "best_val_loss": 6.155926874705723,
      "num_train_windows": 67,
      "num_test_windows": 16
    }
  ]
}