rmse,mae,bias,nrmse,r2,corr,fit_slope,fit_intercept,forward_residual_rmse,case,noise_scale,alpha_bal,beta_bal,best_val_loss,num_train_windows,num_test_windows
3.3721518516540527,2.2103333473205566,-0.15598787367343903,0.4630827828047543,0.7855542898178101,0.911685546067732,0.6374348981399628,-0.156019795133031,1.312961785515654e-06,s0_balanced_clean,0.0,271.7481034351939,0.0036798784880516327,0.991715031010764,67,16
7.620471000671387,5.59860897064209,-0.13021381199359894,1.0464857671053258,-0.09513247013092041,-0.06470651847370057,-0.016172462024013037,-0.13030333028329036,0.002904755063354969,s0_balanced_low_noise,0.05,271.7481034351939,0.0036798784880516327,3.0989530427115306,67,16
