training_mode,noise_scale,layer,rmse,mae,bias,nrmse,r2,corr,fit_slope,fit_intercept,forward_residual_rmse,aux_def_rmse,best_val_loss,num_train_windows,num_test_windows
aux_deformation_dual_decoder_balanced,0.0,S0,4.784252166748047,3.637962818145752,0.07749670743942261,0.07753134449450014,0.568350613117218,0.7543504185703143,0.5508662720856118,0.07745714652587947,1.5946209259709576e-06,0.21253623068332672,1.6621781928198678,67,16
aux_deformation_dual_decoder_balanced,0.0,Sg,3.4437105655670166,2.549525737762451,-0.03998040407896042,0.057599453941329655,0.8036176562309265,0.9008837067034061,0.7312797720061812,-0.03989296479335667,1.5946209259709576e-06,0.21253623068332672,1.6621781928198678,67,16
aux_deformation_dual_decoder_balanced,0.01,S0,7.393158912658691,5.5532636642456055,-0.17566418647766113,0.11981006238422037,-0.030773282051086426,0.017216912928998105,0.003302629371438055,-0.17575198929348831,0.0005811799201183021,0.42201873660087585,6.070533888680594,67,16
aux_deformation_dual_decoder_balanced,0.01,Sg,8.07119083404541,6.079979419708252,-0.06903555989265442,0.1349986230973317,-0.0787588357925415,0.003565958623934313,0.0010130459305033475,-0.06871053570652966,0.0005811799201183021,0.42201873660087585,6.070533888680594,67,16
aux_deformation_dual_decoder_balanced,0.02,S0,7.400819301605225,5.531370162963867,0.1064799353480339,0.1199342030510739,-0.03291046619415283,-0.011640786335886708,-0.0019737642329063737,0.10639166831849035,0.0011633947724476457,0.3915296494960785,5.990761075701032,67,16
aux_deformation_dual_decoder_balanced,0.02,Sg,8.21828556060791,6.0873918533325195,0.04096866399049759,0.13745892740175403,-0.11843705177307129,-0.06830613182954809,-0.01929745673274161,0.04130019359598528,0.0011633947724476457,0.3915296494960785,5.990761075701032,67,16
aux_deformation_dual_decoder_balanced,0.05,S0,7.437051773071289,5.580591201782227,0.007294720038771629,0.12052136947316323,-0.043048858642578125,-0.012362096148878215,-0.0024166136410711863,0.007206395731511933,0.002909853123128414,0.3734127879142761,5.9013683795928955,67,16
aux_deformation_dual_decoder_balanced,0.05,Sg,8.145476341247559,6.081984996795654,0.47941362857818604,0.13624112143426553,-0.09870743751525879,0.021161236010323346,0.006982101117223425,0.4797366242193743,0.002909853123128414,0.3734127879142761,5.9013683795928955,67,16
