training_mode,noise_scale,layer,rmse,mae,bias,nrmse,r2,corr,fit_slope,fit_intercept,forward_residual_rmse,noise_level_condition,noise_condition_value,best_val_loss,num_train_windows,num_test_windows
hybrid_clean_then_original_conditioned_dual_decoder_balanced,0.0,S0,4.31770133972168,3.259826183319092,0.038857877254486084,0.06997064082888163,0.6484329104423523,0.8055455679700739,0.6658449045874862,0.03882844260557002,1.7253927353522158e-06,0.0,0.0,1.456678867340088,67,16
hybrid_clean_then_original_conditioned_dual_decoder_balanced,0.0,Sg,3.153947114944458,2.290377140045166,-0.2628552317619324,0.05275287458739178,0.8352756500244141,0.9182768561934523,0.7674390936394372,-0.26277955886901166,1.7253927353522158e-06,0.0,0.0,1.456678867340088,67,16
hybrid_clean_then_original_conditioned_dual_decoder_balanced,0.01,S0,7.367136001586914,5.543062686920166,-0.5150587558746338,0.11938834730467701,-0.023529648780822754,0.047390099022656666,0.009076046451343361,-0.5151460654335925,0.0005820818478241563,0.01,,6.147813660757882,67,16
hybrid_clean_then_original_conditioned_dual_decoder_balanced,0.01,Sg,8.099535942077637,6.159412384033203,0.5840152502059937,0.13547272297113902,-0.08634889125823975,0.028939065615261328,0.009100992037507484,0.5843375391712141,0.0005820818478241563,0.01,,6.147813660757882,67,16
hybrid_clean_then_original_conditioned_dual_decoder_balanced,0.02,S0,7.4369916915893555,5.6079840660095215,-0.030962225049734116,0.12052039582087419,-0.043031930923461914,0.006931501649485821,0.0014864280856714024,-0.03105016142637441,0.001164711662568152,0.02,,6.69429213660104,67,16
hybrid_clean_then_original_conditioned_dual_decoder_balanced,0.02,Sg,7.66436767578125,5.677583694458008,0.34058159589767456,0.1281941047382679,0.027248919010162354,0.1976926107984568,0.058765085635211906,0.34088778449323054,0.001164711662568152,0.02,,6.69429213660104,67,16
hybrid_clean_then_original_conditioned_dual_decoder_balanced,0.05,S0,7.291492462158203,5.470027923583984,0.0719832107424736,0.11816250361796826,-0.0026189088821411133,0.07493307874724724,0.012373987722471443,0.07189617324658368,0.002906680339947343,0.05,,6.081202438899449,67,16
hybrid_clean_then_original_conditioned_dual_decoder_balanced,0.05,Sg,7.9948506355285645,5.939181327819824,-0.3503589332103729,0.1337217580226912,-0.0584486722946167,0.030481829872127823,0.008228576913079547,-0.35003632676085633,0.002906680339947343,0.05,,6.081202438899449,67,16
