noise_scale,layer,rmse_mean,rmse_std,r2_mean,r2_std,corr_mean,corr_std,fit_slope_mean,fit_slope_std
0.0,S0,7.219740549723308,0.01820015729939745,0.017012357711791992,0.004953799211481036,0.19536110088599243,0.0405539003311483,0.011743088598956494,0.0023988756345620695
0.0,Sg,7.604443709055583,0.05443557276585547,0.042367676893870033,0.013690085683534269,0.39540404710786164,0.057875875273606346,0.026598114553912953,0.004210409282517758
0.01,S0,7.2994944254557295,0.00920332750174797,-0.00482177734375,0.0025337927427270695,0.011478734288586792,0.007793732317270458,0.0007031606359243016,0.0004755556146269028
0.01,Sg,7.8170272509257,0.002045819763664913,-0.011887749036153158,0.0005296069387794839,-0.0017770732236841516,0.05273968875980801,-0.0002849369334851171,0.003626669658182578
0.02,S0,7.306967735290527,0.013898187154068037,-0.0068817536036173505,0.0038319135884065146,3.65836293702877e-05,0.013074581422313217,1.807371695785459e-05,0.0009213240845179035
0.02,Sg,7.819190661112468,0.030699148429643948,-0.012458284695943197,0.007958859732221796,0.004613064914668906,0.011917925134737778,0.0004135780307593902,0.001017743409323187
0.05,S0,7.312198162078857,0.015540558183270197,-0.008324344952901205,0.004286690218643334,-0.00341682768749379,0.012777685503298004,-0.00026687248693460763,0.0009577657437241462
0.05,Sg,7.837601184844971,0.02538242320541713,-0.01722828547159831,0.006583803067854284,-0.009399376814565652,0.062292264554018935,-0.0010867623933202026,0.0059041276383547435
