{
  "metrics": [
    {
      "training_mode": "hybrid_clean_then_original_conditioned_dual_decoder_balanced",
      "noise_scale": 0.0,
      "layer": "S0",
      "rmse": 4.31770133972168,
      "mae": 3.259826183319092,
      "bias": 0.038857877254486084,
      "nrmse": 0.06997064082888163,
      "r2": 0.6484329104423523,
      "corr": 0.8055455679700739,
      "fit_slope": 0.6658449045874862,
      "fit_intercept": 0.03882844260557002,
      "forward_residual_rmse": 1.7253927353522158e-06,
      "noise_level_condition": 0.0,
      "noise_condition_value": 0.0,
      "best_val_loss": 1.456678867340088,
      "num_train_windows": 67,
      "num_test_windows": 16
    },
    {
      "training_mode": "hybrid_clean_then_original_conditioned_dual_decoder_balanced",
      "noise_scale": 0.0,
      "layer": "Sg",
      "rmse": 3.153947114944458,
      "mae": 2.290377140045166,
      "bias": -0.2628552317619324,
      "nrmse": 0.05275287458739178,
      "r2": 0.8352756500244141,
      "corr": 0.9182768561934523,
      "fit_slope": 0.7674390936394372,
      "fit_intercept": -0.26277955886901166,
      "forward_residual_rmse": 1.7253927353522158e-06,
      "noise_level_condition": 0.0,
      "noise_condition_value": 0.0,
      "best_val_loss": 1.456678867340088,
      "num_train_windows": 67,
      "num_test_windows": 16
    },
    {
      "training_mode": "hybrid_clean_then_original_conditioned_dual_decoder_balanced",
      "noise_scale": 0.01,
      "layer": "S0",
      "rmse": 7.367136001586914,
      "mae": 5.543062686920166,
      "bias": -0.5150587558746338,
      "nrmse": 0.11938834730467701,
      "r2": -0.023529648780822754,
      "corr": 0.047390099022656666,
      "fit_slope": 0.009076046451343361,
      "fit_intercept": -0.5151460654335925,
      "forward_residual_rmse": 0.0005820818478241563,
      "noise_level_condition": 0.01,
      "best_val_loss": 6.147813660757882,
      "num_train_windows": 67,
      "num_test_windows": 16
    },
    {
      "training_mode": "hybrid_clean_then_original_conditioned_dual_decoder_balanced",
      "noise_scale": 0.01,
      "layer": "Sg",
      "rmse": 8.099535942077637,
      "mae": 6.159412384033203,
      "bias": 0.5840152502059937,
      "nrmse": 0.13547272297113902,
      "r2": -0.08634889125823975,
      "corr": 0.028939065615261328,
      "fit_slope": 0.009100992037507484,
      "fit_intercept": 0.5843375391712141,
      "forward_residual_rmse": 0.0005820818478241563,
      "noise_level_condition": 0.01,
      "best_val_loss": 6.147813660757882,
      "num_train_windows": 67,
      "num_test_windows": 16
    },
    {
      "training_mode": "hybrid_clean_then_original_conditioned_dual_decoder_balanced",
      "noise_scale": 0.02,
      "layer": "S0",
      "rmse": 7.4369916915893555,
      "mae": 5.6079840660095215,
      "bias": -0.030962225049734116,
      "nrmse": 0.12052039582087419,
      "r2": -0.043031930923461914,
      "corr": 0.006931501649485821,
      "fit_slope": 0.0014864280856714024,
      "fit_intercept": -0.03105016142637441,
      "forward_residual_rmse": 0.001164711662568152,
      "noise_level_condition": 0.02,
      "best_val_loss": 6.69429213660104,
      "num_train_windows": 67,
      "num_test_windows": 16
    },
    {
      "training_mode": "hybrid_clean_then_original_conditioned_dual_decoder_balanced",
      "noise_scale": 0.02,
      "layer": "Sg",
      "rmse": 7.66436767578125,
      "mae": 5.677583694458008,
      "bias": 0.34058159589767456,
      "nrmse": 0.1281941047382679,
      "r2": 0.027248919010162354,
      "corr": 0.1976926107984568,
      "fit_slope": 0.058765085635211906,
      "fit_intercept": 0.34088778449323054,
      "forward_residual_rmse": 0.001164711662568152,
      "noise_level_condition": 0.02,
      "best_val_loss": 6.69429213660104,
      "num_train_windows": 67,
      "num_test_windows": 16
    },
    {
      "training_mode": "hybrid_clean_then_original_conditioned_dual_decoder_balanced",
      "noise_scale": 0.05,
      "layer": "S0",
      "rmse": 7.291492462158203,
      "mae": 5.470027923583984,
      "bias": 0.0719832107424736,
      "nrmse": 0.11816250361796826,
      "r2": -0.0026189088821411133,
      "corr": 0.07493307874724724,
      "fit_slope": 0.012373987722471443,
      "fit_intercept": 0.07189617324658368,
      "forward_residual_rmse": 0.002906680339947343,
      "noise_level_condition": 0.05,
      "best_val_loss": 6.081202438899449,
      "num_train_windows": 67,
      "num_test_windows": 16
    },
    {
      "training_mode": "hybrid_clean_then_original_conditioned_dual_decoder_balanced",
      "noise_scale": 0.05,
      "layer": "Sg",
      "rmse": 7.9948506355285645,
      "mae": 5.939181327819824,
      "bias": -0.3503589332103729,
      "nrmse": 0.1337217580226912,
      "r2": -0.0584486722946167,
      "corr": 0.030481829872127823,
      "fit_slope": 0.008228576913079547,
      "fit_intercept": -0.35003632676085633,
      "forward_residual_rmse": 0.002906680339947343,
      "noise_level_condition": 0.05,
      "best_val_loss": 6.081202438899449,
      "num_train_windows": 67,
      "num_test_windows": 16
    }
  ]
}