case,noise_scale,layer,rmse,mae,bias,r2,corr,fit_slope,fit_intercept,forward_residual_rmse,alpha_bal,beta_bal,best_val_loss,num_train_windows,num_test_windows
two_layer_balanced_clean,0.0,S0,5.310097694396973,3.7975306510925293,-0.20198215544223785,0.4682493209838867,0.6883935868027904,0.4258603886138444,-0.20203271435614933,2.318318820471177e-06,271.7481034351939,0.0036798784880516327,1.278919632945742,67,16
two_layer_balanced_clean,0.0,Sg,4.778112888336182,3.668287754058838,0.037170976400375366,0.621938943862915,0.8101560607791,0.5061108733664199,0.03733164161350837,2.318318820471177e-06,271.7481034351939,0.0036798784880516327,1.278919632945742,67,16
two_layer_balanced_low_noise,0.05,S0,7.952705383300781,5.71386194229126,1.0427979230880737,-0.192704439163208,-0.051384190431973724,-0.018845247694635737,1.0427080599954606,0.002914250595495105,271.7481034351939,0.0036798784880516327,2.7023215123585294,67,16
two_layer_balanced_low_noise,0.05,Sg,8.328123092651367,5.893338680267334,-0.771750807762146,-0.14853262901306152,-0.2751717108024666,-0.05169106641875225,-0.7714088085860943,0.002914250595495105,271.7481034351939,0.0036798784880516327,2.7023215123585294,67,16
