training_mode,noise_scale,layer,rmse,mae,bias,nrmse,r2,corr,fit_slope,fit_intercept,forward_residual_rmse,noise_level_condition,noise_condition_value,best_val_loss,num_train_windows,num_test_windows
hybrid_stage_adaptive_conditioned_dual_decoder_balanced,0.0,S0,4.31770133972168,3.259826183319092,0.038857877254486084,0.06997064082888163,0.6484329104423523,0.8055455679700739,0.6658449045874862,0.03882844260557002,1.7253927353522158e-06,0.0,0.0,1.456678867340088,67.0,16.0
hybrid_stage_adaptive_conditioned_dual_decoder_balanced,0.0,Sg,3.153947114944458,2.290377140045166,-0.2628552317619324,0.05275287458739178,0.8352756500244141,0.9182768561934523,0.7674390936394372,-0.26277955886901166,1.7253927353522158e-06,0.0,0.0,1.456678867340088,67.0,16.0
hybrid_stage_adaptive_conditioned_dual_decoder_balanced,0.01,S0,7.364059925079346,5.5396270751953125,-0.504658579826355,0.11933849785295761,-0.022675037384033203,0.04735440773917098,0.008958526289976442,-0.504745887023633,0.0005820421501994133,,,6.308730227606637,,
hybrid_stage_adaptive_conditioned_dual_decoder_balanced,0.01,Sg,8.098881721496582,6.158618927001953,0.5946249961853027,0.135461780487005,-0.08617353439331055,0.029808818893784575,0.00938313478050412,0.5949472206107126,0.0005820421501994133,,,6.308730227606637,,
hybrid_stage_adaptive_conditioned_dual_decoder_balanced,0.02,S0,7.456725120544434,5.644991397857666,0.08187994360923767,0.12084018650603238,-0.04857456684112549,0.01587549362766017,0.0037554601405349127,0.08179220110632254,0.0011650132946670055,,,7.148195402962821,,
hybrid_stage_adaptive_conditioned_dual_decoder_balanced,0.02,Sg,7.703601360321045,5.761990547180176,0.18837958574295044,0.1288503267878775,0.017264485359191895,0.19251985171488067,0.0637484072927355,0.18868413172024023,0.0011650132946670055,,,7.148195402962821,,
hybrid_stage_adaptive_conditioned_dual_decoder_balanced,0.05,S0,7.260993957519531,5.477631568908691,0.09786814451217651,0.11766825917028999,0.0057509541511535645,0.11768284526061412,0.02432090948711993,0.09778221019815451,0.0029067164286971092,,,6.488775934491839,,
hybrid_stage_adaptive_conditioned_dual_decoder_balanced,0.05,Sg,8.833246231079102,6.536383152008057,0.6407670378684998,0.14774475082974656,-0.2920811176300049,-0.11118481503451706,-0.0482967902116161,0.6411079847560545,0.0029067164286971092,,,6.488775934491839,,
