metric,value
rmse,12.39332389831543
mae,9.585742950439453
bias,0.16370581090450287
r2,-0.08435964584350586
corr,-0.3002337771796389
fit_slope,-0.035208863620595374
fit_intercept,0.16478892397769593
forward_residual_rmse,0.058402348309755325
