training_mode,noise_scale,layer,rmse,mae,bias,nrmse,r2,corr,fit_slope,fit_intercept,forward_residual_rmse,noise_level_condition,best_val_loss,num_train_windows,num_test_windows
anchor_conditioned_dual_decoder_balanced,0.0,S0,4.716760635375977,3.599008798599243,0.08172839134931564,0.07643760842313704,0.580443263053894,0.7619803010929856,0.5755138637038639,0.08169101171801608,1.6561718894081423e-06,0.0,1.7220770120620728,67,16
anchor_conditioned_dual_decoder_balanced,0.0,Sg,3.4097588062286377,2.5052382946014404,-0.026279695332050323,0.05703157729751651,0.8074709177017212,0.902093195380837,0.7422287463533968,-0.02619585189167944,1.6561718894081423e-06,0.0,1.7220770120620728,67,16
anchor_conditioned_dual_decoder_balanced,0.01,S0,7.390065670013428,5.542177677154541,-0.20602163672447205,0.11975993474613268,-0.029910802841186523,0.03705229338770549,0.007842001529867611,-0.2061090061445853,0.0005826767883263528,0.01,6.154383523123605,67,16
anchor_conditioned_dual_decoder_balanced,0.01,Sg,8.196488380432129,6.154966831207275,0.4463120400905609,0.1370943480761454,-0.11251211166381836,0.010334993314018872,0.003523936222009518,0.4466361869882354,0.0005826767883263528,0.01,6.154383523123605,67,16
anchor_conditioned_dual_decoder_balanced,0.02,S0,7.3835225105285645,5.578073978424072,-0.3097383975982666,0.11965389937541597,-0.028087854385375977,0.05598011270840653,0.012734402079099863,-0.3098253917077431,0.0011641982709988952,0.02,5.783821037837437,67,16
anchor_conditioned_dual_decoder_balanced,0.02,Sg,8.606499671936035,6.432437419891357,0.525675892829895,0.1439521911064338,-0.22659790515899658,-0.1227247226123887,-0.04469477733850388,0.5260157674243936,0.0011641982709988952,0.02,5.783821037837437,67,16
anchor_conditioned_dual_decoder_balanced,0.05,S0,7.385385036468506,5.570504188537598,0.018880896270275116,0.11968408259637643,-0.028606653213500977,0.03672091229267634,0.007703210191085457,0.018793477034148548,0.0029040866065770388,0.05,6.007885694503784,67,16
anchor_conditioned_dual_decoder_balanced,0.05,Sg,8.04638671875,5.89607572555542,-0.41584616899490356,0.13458374981767843,-0.07213842868804932,0.037112550900702965,0.011242034331123196,-0.41552452825585984,0.0029040866065770388,0.05,6.007885694503784,67,16
