rmse,mae,bias,nrmse,r2,corr,fit_slope,fit_intercept,forward_residual_rmse,case,noise_scale,target_sigma,best_val_loss,num_train_windows,num_test_windows
6.0502471923828125,4.459202289581299,0.16142553091049194,1.026041934954073,-0.05276215076446533,0.011699360651131427,0.002808575674443374,0.16133770004630496,1.4290701955133045e-08,s0_lp_clean,0.0,3.0,3.5265495436532155,67,16
6.152827262878418,4.5059709548950195,-0.1764819622039795,1.0434381587234995,-0.08876323699951172,-0.06322052006583795,-0.015164754952772167,-0.17657138091640515,0.002908337162807584,s0_lp_low_noise,0.05,3.0,3.447533437183925,67,16
