rmse,mae,bias,nrmse,r2,corr,fit_slope,fit_intercept,forward_residual_rmse,case,noise_scale,best_val_loss,num_train_windows,num_test_windows,training_mode,epochs_completed,warm_start_from
3.7603728771209717,2.331475257873535,-0.043829888105392456,0.48389980458877063,0.765841007232666,0.9245568761642641,0.5790879981096639,-0.04369296738670896,0.0006954717100597918,amp_tuned_stage_0p00,0.0,1.8053833884852273,67,16,curriculum_amp_tuned,18,scratch
5.948451995849609,4.262365341186523,-0.10836762189865112,0.7654705670042807,0.414054811000824,0.6518260811496371,0.3576791395188805,-0.10815868402629385,0.002812720835208893,amp_tuned_stage_0p05,0.05,4.11806372659547,67,16,curriculum_amp_tuned,14,amp_tuned_stage_0p00
7.1908345222473145,5.124746322631836,-0.9420223832130432,0.9253453138428539,0.14373600482940674,0.42401896145686346,0.24176420755849337,-0.9417757878723327,0.00556088425219059,amp_tuned_stage_0p10,0.1,4.047064704554422,67,16,curriculum_amp_tuned,14,amp_tuned_stage_0p05
8.132423400878906,5.963829040527344,-0.5751864314079285,1.0465127324105656,-0.09518885612487793,0.07428946015684337,0.028444087589622163,-0.5748703185891635,0.014282353222370148,amp_tuned_stage_0p25,0.25,4.8699542454310825,67,16,curriculum_amp_tuned,14,amp_tuned_stage_0p10
