training_mode,noise_scale,layer,rmse,mae,bias,nrmse,r2,corr,fit_slope,fit_intercept,forward_residual_rmse,best_val_loss,aug_noises,num_train_windows,num_test_windows
dual_decoder_frequency_noise_aug_balanced,0.0,S0,4.716760635375977,3.599008798599243,0.08172839134931564,0.07643760842313704,0.580443263053894,0.7619803010929856,0.5755138637038639,0.08169101171801608,1.6561718894081423e-06,1.7220770120620728,0.000,67,16
dual_decoder_frequency_noise_aug_balanced,0.0,Sg,3.4097588062286377,2.5052382946014404,-0.026279695332050323,0.05703157729751651,0.8074709177017212,0.902093195380837,0.7422287463533968,-0.02619585189167944,1.6561718894081423e-06,1.7220770120620728,0.000,67,16
dual_decoder_frequency_noise_aug_balanced,0.01,S0,7.517496109008789,5.644057273864746,-0.026903659105300903,0.12182501261420632,-0.0657355785369873,-0.03992234010817206,-0.0087641736582047,-0.026992519775855078,0.0005813080351799726,5.95280579158238,"0.000,0.005,0.010",201,16
dual_decoder_frequency_noise_aug_balanced,0.01,Sg,8.400195121765137,6.210544586181641,0.0016876980662345886,0.14050154413445207,-0.16849756240844727,-0.09508768622941095,-0.031023912260155776,0.002022995393841081,0.0005813080351799726,5.95280579158238,"0.000,0.005,0.010",201,16
dual_decoder_frequency_noise_aug_balanced,0.02,S0,7.407884120941162,5.533544540405273,-0.07727620750665665,0.12004869219642728,-0.03488337993621826,0.023023305621444196,0.004855809094563923,-0.07736389076432715,0.0011632327223196626,6.16399918283735,"0.000,0.010,0.020",201,16
dual_decoder_frequency_noise_aug_balanced,0.02,Sg,9.016646385192871,6.702414512634277,0.36240068078041077,0.1508122991990357,-0.3462916612625122,-0.24379818124059685,-0.0954375020113421,0.3627570735330704,0.0011632327223196626,6.16399918283735,"0.000,0.010,0.020",201,16
dual_decoder_frequency_noise_aug_balanced,0.05,S0,7.499033451080322,5.584864139556885,-0.08687462657690048,0.1215258154477014,-0.06050717830657959,-0.03339182843538309,-0.007164542081335417,-0.08696337146914698,0.002909955568611622,5.669212698936462,"0.000,0.020,0.050",201,16
dual_decoder_frequency_noise_aug_balanced,0.05,Sg,7.91357421875,5.946968078613281,0.609138548374176,0.1323623298316108,-0.03703749179840088,0.18521788290385144,0.08159927082660236,0.6094373352943399,0.002909955568611622,5.669212698936462,"0.000,0.020,0.050",201,16
