training_mode,noise_scale,layer,rmse,mae,bias,nrmse,r2,corr,fit_slope,fit_intercept,forward_residual_rmse,best_val_loss
dual_decoder_frequency_curriculum_balanced,0.0,S0,3.1366946697235107,2.3543663024902344,0.16431181132793427,0.05083180119615193,0.8144557476043701,0.9038803826474677,0.857773400067536,0.16429927764911328,9.968636049961788e-07,0.8639238561902728
dual_decoder_frequency_curriculum_balanced,0.0,Sg,2.2324531078338623,1.6238361597061157,-0.1854722797870636,0.03733997893045417,0.9174696207046509,0.9614228331018403,0.8480561840372386,-0.18542285498588468,9.968636049961788e-07,0.8639238561902728
dual_decoder_frequency_curriculum_balanced,0.01,S0,7.412289142608643,5.58254337310791,-0.14876806735992432,0.1201200779094925,-0.03611445426940918,0.035820591428283415,0.00817150461846136,-0.14885543977584764,0.0005825231201015413,6.094174589429583
dual_decoder_frequency_curriculum_balanced,0.01,Sg,8.00527572631836,6.015633583068848,-0.023725338280200958,0.13389612794296996,-0.0612107515335083,0.026236123785751783,0.007215268208739395,-0.023402375380255476,0.0005825231201015413,6.094174589429583
dual_decoder_frequency_curriculum_balanced,0.02,S0,7.431625843048096,5.595232009887695,0.03319018334150314,0.12043343939858332,-0.041527509689331055,0.011014752131583337,0.0023686633215274956,0.03310232174512171,0.001163581502623856,5.895858662469046
dual_decoder_frequency_curriculum_balanced,0.02,Sg,8.380955696105957,6.197147369384766,-0.13557134568691254,0.1401797457745103,-0.16315114498138428,-0.04553880817934599,-0.016419713062380516,-0.13524069292234459,0.001163581502623856,5.895858662469046
dual_decoder_frequency_curriculum_balanced,0.05,S0,7.497842788696289,5.6158528327941895,0.12366897612810135,0.1215065201321002,-0.06017041206359863,-0.004669118355880641,-0.0011209792127071956,0.12358078037126949,0.002909814938902855,5.734391008104597
dual_decoder_frequency_curriculum_balanced,0.05,Sg,7.9772515296936035,5.909512996673584,0.5707593560218811,0.1334273956287998,-0.05379378795623779,0.09633712126122054,0.032417836914050174,0.5710740741024113,0.002909814938902855,5.734391008104597
