rmse,mae,bias,nrmse,r2,corr,fit_slope,fit_intercept,forward_residual_rmse,case,noise_scale,best_val_loss,num_train_windows,num_test_windows,training_mode,epochs_completed
3.2402172088623047,2.067145586013794,-0.0165866669267416,0.41696409516550187,0.8261409401893616,0.9334440766655163,0.6729255801265857,-0.016480299017366785,0.0005931431660428643,no_noise_improved,0.0,0.924394252044814,67,16,independent,16.0
6.208236217498779,4.3810906410217285,0.12048731744289398,0.7989006384889802,0.361757755279541,0.6065886191882384,0.3211533494786631,0.12070814643255817,0.002942777704447508,very_low_noise_improved,0.05,2.5665378740855624,67,16,independent,16.0
7.404013633728027,5.278472900390625,-0.1913633793592453,0.9527780535627788,0.09221398830413818,0.3373353095141055,0.16265020936054267,-0.1910909311815266,0.005694839172065258,low_noise_improved,0.1,2.826556899717876,67,16,independent,16.0
8.323192596435547,5.823225498199463,-0.2116667628288269,1.0710616746213424,-0.14717316627502441,-0.07646662638493382,-0.02399232171333797,-0.2113336557151036,0.014515089802443981,reference_noise_improved,0.25,3.948539844581059,67,16,independent,16.0
1.4878474473953247,1.0367708206176758,-0.0034654210321605206,0.3417131521094659,0.8832321166992188,0.9434356960473266,0.8120551697462046,-0.003850728396632133,0.0002531234349589795,tiny_clean_overfit,0.0,,8,8,diagnostic,
