{
  "metrics": [
    {
      "training_mode": "clean_anchor_conditioned_dual_decoder_balanced",
      "noise_scale": 0.0,
      "layer": "S0",
      "rmse": 4.772151947021484,
      "mae": 3.637387990951538,
      "bias": 0.09954281896352768,
      "nrmse": 0.07733525401444566,
      "r2": 0.5705312490463257,
      "corr": 0.7562207113577013,
      "fit_slope": 0.5462063362214559,
      "fit_intercept": 0.09950284299484366,
      "forward_residual_rmse": 1.7770115618986893e-06,
      "noise_level_condition": 0.0,
      "clean_anchor_windows": 0,
      "best_val_loss": 1.6932628495352608,
      "num_train_windows": 67,
      "num_test_windows": 16
    },
    {
      "training_mode": "clean_anchor_conditioned_dual_decoder_balanced",
      "noise_scale": 0.0,
      "layer": "Sg",
      "rmse": 3.5382590293884277,
      "mae": 2.5895442962646484,
      "bias": -0.04496609419584274,
      "nrmse": 0.059180870202486364,
      "r2": 0.7926861047744751,
      "corr": 0.8967294496565918,
      "fit_slope": 0.7083619728921916,
      "fit_intercept": -0.04487121453443295,
      "forward_residual_rmse": 1.7770115618986893e-06,
      "noise_level_condition": 0.0,
      "clean_anchor_windows": 0,
      "best_val_loss": 1.6932628495352608,
      "num_train_windows": 67,
      "num_test_windows": 16
    },
    {
      "training_mode": "clean_anchor_conditioned_dual_decoder_balanced",
      "noise_scale": 0.01,
      "layer": "S0",
      "rmse": 7.416560649871826,
      "mae": 5.604031085968018,
      "bias": -0.32723307609558105,
      "nrmse": 0.12018929995080428,
      "r2": -0.03730893135070801,
      "corr": 0.033553491804065,
      "fit_slope": 0.007528795509365755,
      "fit_intercept": -0.3273205026191989,
      "forward_residual_rmse": 0.0005823940155096352,
      "noise_level_condition": 0.01,
      "clean_anchor_windows": 16,
      "best_val_loss": 6.04197233063834,
      "num_train_windows": 83,
      "num_test_windows": 16
    },
    {
      "training_mode": "clean_anchor_conditioned_dual_decoder_balanced",
      "noise_scale": 0.01,
      "layer": "Sg",
      "rmse": 8.12773323059082,
      "mae": 6.0667877197265625,
      "bias": 0.2146097868680954,
      "nrmse": 0.1359443504177732,
      "r2": -0.0939260721206665,
      "corr": 0.0028297241328663755,
      "fit_slope": 0.0008717521007995653,
      "fit_intercept": 0.21493478461464804,
      "forward_residual_rmse": 0.0005823940155096352,
      "noise_level_condition": 0.01,
      "clean_anchor_windows": 16,
      "best_val_loss": 6.04197233063834,
      "num_train_windows": 83,
      "num_test_windows": 16
    },
    {
      "training_mode": "clean_anchor_conditioned_dual_decoder_balanced",
      "noise_scale": 0.02,
      "layer": "S0",
      "rmse": 7.447896957397461,
      "mae": 5.621119976043701,
      "bias": -0.4300493597984314,
      "nrmse": 0.12069712143873539,
      "r2": -0.046093106269836426,
      "corr": 0.0019335195270439951,
      "fit_slope": 0.00040285590145219694,
      "fit_intercept": -0.4301374145061919,
      "forward_residual_rmse": 0.0011645794147625566,
      "noise_level_condition": 0.02,
      "clean_anchor_windows": 16,
      "best_val_loss": 6.305062430245536,
      "num_train_windows": 83,
      "num_test_windows": 16
    },
    {
      "training_mode": "clean_anchor_conditioned_dual_decoder_balanced",
      "noise_scale": 0.02,
      "layer": "Sg",
      "rmse": 7.880650043487549,
      "mae": 5.855364799499512,
      "bias": 0.8951409459114075,
      "nrmse": 0.13181164054443675,
      "r2": -0.028426289558410645,
      "corr": 0.10267087288275675,
      "fit_slope": 0.02700031015936355,
      "fit_intercept": 0.8954574569262218,
      "forward_residual_rmse": 0.0011645794147625566,
      "noise_level_condition": 0.02,
      "clean_anchor_windows": 16,
      "best_val_loss": 6.305062430245536,
      "num_train_windows": 83,
      "num_test_windows": 16
    },
    {
      "training_mode": "clean_anchor_conditioned_dual_decoder_balanced",
      "noise_scale": 0.05,
      "layer": "S0",
      "rmse": 7.37190055847168,
      "mae": 5.562182426452637,
      "bias": 0.3838486671447754,
      "nrmse": 0.11946555947667828,
      "r2": -0.024853944778442383,
      "corr": 0.06029176572657372,
      "fit_slope": 0.013302586710430893,
      "fit_intercept": 0.383761746125245,
      "forward_residual_rmse": 0.0029064754489809275,
      "noise_level_condition": 0.05,
      "clean_anchor_windows": 16,
      "best_val_loss": 5.818321091788156,
      "num_train_windows": 83,
      "num_test_windows": 16
    },
    {
      "training_mode": "clean_anchor_conditioned_dual_decoder_balanced",
      "noise_scale": 0.05,
      "layer": "Sg",
      "rmse": 8.200698852539062,
      "mae": 6.0584516525268555,
      "bias": 0.10309123992919922,
      "nrmse": 0.13716477237272232,
      "r2": -0.1136554479598999,
      "corr": 0.03538243817066184,
      "fit_slope": 0.01323666396585244,
      "fit_intercept": 0.1034122152402001,
      "forward_residual_rmse": 0.0029064754489809275,
      "noise_level_condition": 0.05,
      "clean_anchor_windows": 16,
      "best_val_loss": 5.818321091788156,
      "num_train_windows": 83,
      "num_test_windows": 16
    }
  ]
}