{
  "metrics": [
    {
      "training_mode": "dual_decoder_frequency_stabilized_balanced",
      "noise_scale": 0.0,
      "layer": "S0",
      "rmse": 4.659685134887695,
      "mae": 3.550516366958618,
      "bias": -0.07937881350517273,
      "nrmse": 0.07551266965813863,
      "r2": 0.5905355215072632,
      "corr": 0.7685503277757904,
      "fit_slope": 0.5876699693178639,
      "fit_intercept": -0.07941513213791704,
      "forward_residual_rmse": 1.625956656425842e-06,
      "best_val_loss": 1.6819497006280082,
      "freeze_epochs": 0,
      "lr_scale": 1.0,
      "num_train_windows": 67,
      "num_test_windows": 16
    },
    {
      "training_mode": "dual_decoder_frequency_stabilized_balanced",
      "noise_scale": 0.0,
      "layer": "Sg",
      "rmse": 3.336256742477417,
      "mae": 2.4425642490386963,
      "bias": 0.019030163064599037,
      "nrmse": 0.05580218282460034,
      "r2": 0.8156818747520447,
      "corr": 0.9065881219298927,
      "fit_slope": 0.7504357816962866,
      "fit_intercept": 0.019111364129777014,
      "forward_residual_rmse": 1.625956656425842e-06,
      "best_val_loss": 1.6819497006280082,
      "freeze_epochs": 0,
      "lr_scale": 1.0,
      "num_train_windows": 67,
      "num_test_windows": 16
    },
    {
      "training_mode": "dual_decoder_frequency_stabilized_balanced",
      "noise_scale": 0.01,
      "layer": "S0",
      "rmse": 7.4541707038879395,
      "mae": 5.608340740203857,
      "bias": -0.10675619542598724,
      "nrmse": 0.12079879082894963,
      "r2": -0.04785621166229248,
      "corr": -0.004307127966509265,
      "fit_slope": -0.0009217440840785091,
      "fit_intercept": -0.10684437774722355,
      "forward_residual_rmse": 0.0005819707293994725,
      "best_val_loss": 5.891005652291434,
      "freeze_epochs": 4,
      "lr_scale": 0.5,
      "num_train_windows": 67,
      "num_test_windows": 16
    },
    {
      "training_mode": "dual_decoder_frequency_stabilized_balanced",
      "noise_scale": 0.01,
      "layer": "Sg",
      "rmse": 8.075942039489746,
      "mae": 6.015417098999023,
      "bias": 0.018952500075101852,
      "nrmse": 0.13507809169201943,
      "r2": -0.08002912998199463,
      "corr": 0.022044734637003537,
      "fit_slope": 0.006740979023860611,
      "fit_intercept": 0.019275601027100072,
      "forward_residual_rmse": 0.0005819707293994725,
      "best_val_loss": 5.891005652291434,
      "freeze_epochs": 4,
      "lr_scale": 0.5,
      "num_train_windows": 67,
      "num_test_windows": 16
    },
    {
      "training_mode": "dual_decoder_frequency_stabilized_balanced",
      "noise_scale": 0.02,
      "layer": "S0",
      "rmse": 7.40775728225708,
      "mae": 5.527541160583496,
      "bias": -0.1196470633149147,
      "nrmse": 0.1200466367082615,
      "r2": -0.03484797477722168,
      "corr": 0.011813950078033575,
      "fit_slope": 0.0023408217969252566,
      "fit_intercept": -0.11973495998768705,
      "forward_residual_rmse": 0.0011631023371592164,
      "best_val_loss": 6.120028393609183,
      "freeze_epochs": 4,
      "lr_scale": 0.5,
      "num_train_windows": 67,
      "num_test_windows": 16
    },
    {
      "training_mode": "dual_decoder_frequency_stabilized_balanced",
      "noise_scale": 0.02,
      "layer": "Sg",
      "rmse": 8.096040725708008,
      "mae": 6.104689598083496,
      "bias": 0.1446102410554886,
      "nrmse": 0.1354142620318515,
      "r2": -0.0854114294052124,
      "corr": 0.013216666355943834,
      "fit_slope": 0.004033402219166489,
      "fit_intercept": 0.14493425017081826,
      "forward_residual_rmse": 0.0011631023371592164,
      "best_val_loss": 6.120028393609183,
      "freeze_epochs": 4,
      "lr_scale": 0.5,
      "num_train_windows": 67,
      "num_test_windows": 16
    },
    {
      "training_mode": "dual_decoder_frequency_stabilized_balanced",
      "noise_scale": 0.05,
      "layer": "S0",
      "rmse": 7.437778949737549,
      "mae": 5.6144914627075195,
      "bias": 0.10176881402730942,
      "nrmse": 0.12053315375682036,
      "r2": -0.04325282573699951,
      "corr": -0.005070788508580622,
      "fit_slope": -0.0010268064774109872,
      "fit_intercept": 0.10168065745615167,
      "forward_residual_rmse": 0.00291028362698853,
      "best_val_loss": 5.9655568940298895,
      "freeze_epochs": 4,
      "lr_scale": 0.4,
      "num_train_windows": 67,
      "num_test_windows": 16
    },
    {
      "training_mode": "dual_decoder_frequency_stabilized_balanced",
      "noise_scale": 0.05,
      "layer": "Sg",
      "rmse": 8.234637260437012,
      "mae": 6.174964904785156,
      "bias": 0.5651138424873352,
      "nrmse": 0.13773242570053273,
      "r2": -0.12289202213287354,
      "corr": -0.002732100927393538,
      "fit_slope": -0.0009294958937153882,
      "fit_intercept": 0.5654395426523625,
      "forward_residual_rmse": 0.00291028362698853,
      "best_val_loss": 5.9655568940298895,
      "freeze_epochs": 4,
      "lr_scale": 0.4,
      "num_train_windows": 67,
      "num_test_windows": 16
    }
  ]
}